x1,y1,x2,y2,label,filename
0.698095,0.468721,0.643325,0.557089,signage,DistantGaseousNematode
0.659417,0.594229,0.681856,0.619992,signage,DistantGaseousNematode
0.487288,0.364053,0.690019,0.498749,billboard,DistantGaseousNematode
0.558759,0.524405,0.627482,0.605956,signage,DistantGaseousNematode
0.273421,0.507632,0.418284,0.568229,signage,DistantGaseousNematode
0.246379,0.57738,0.25639,0.586091,signage,DistantGaseousNematode
0.249854,0.573874,0.269362,0.578876,signage,DistantGaseousNematode
0.273959,0.587914,0.282275,0.602229,signage,DistantGaseousNematode
0.304064,0.571774,0.318484,0.581739,signage,DistantGaseousNematode
0.568889,0.635677,0.580155,0.648966,signage,DistantGaseousNematode
0.602833,0.595617,0.614245,0.632403,signage,DistantGaseousNematode
0.617005,0.348551,0.654886,0.365964,branding,IdealisticFinishedNettlefish
0.831763,0.11185,0.888271,0.179732,signage,IdealisticFinishedNettlefish
0.88875,0.137351,0.905511,0.14633,signage,IdealisticFinishedNettlefish
0.891623,0.111132,0.947653,0.183683,signage,IdealisticFinishedNettlefish
0.938509,0.189538,0.947737,0.195075,branding,IdealisticFinishedNettlefish
0.974139,0.021937,0.840185,0.0,signage,IdealisticFinishedNettlefish
0.391997,0.013709,0.551465,0.048714,signage,IdealisticFinishedNettlefish
0.330197,0.014681,0.254569,0.038018,signage,IdealisticFinishedNettlefish
0.520782,0.156323,0.535907,0.162805,branding,IdealisticFinishedNettlefish
0.175904,0.053973,0.199983,0.06164,signage,IdealisticFinishedNettlefish
0.152052,0.061129,0.165,0.069307,signage,IdealisticFinishedNettlefish
0.177267,0.089411,0.181583,0.093329,branding,IdealisticFinishedNettlefish
0.105483,0.018195,0.137968,0.069647,billboard,IdealisticFinishedNettlefish
0.060959,0.034551,0.077315,0.044262,signage,IdealisticFinishedNettlefish
0.020297,0.045284,0.030065,0.053292,signage,IdealisticFinishedNettlefish
0.02325,0.057721,0.033245,0.069307,signage,IdealisticFinishedNettlefish
0.096298,0.071787,0.112704,0.079293,signage,IdealisticFinishedNettlefish
0.089571,0.128389,0.095477,0.132326,branding,IdealisticFinishedNettlefish
0.12909,0.271281,0.311814,0.351015,billboard,DarksalmonUnluckySilkworm
0.471283,0.467848,0.528591,0.493873,billboard,DarksalmonUnluckySilkworm
0.786103,0.459252,0.832448,0.55892,billboard,DarksalmonUnluckySilkworm
0.652982,0.356898,0.692245,0.418397,billboard,DarksalmonUnluckySilkworm
0.953869,0.437548,0.99053,0.537554,signage,DarksalmonUnluckySilkworm
0.947478,0.385078,0.989857,0.408846,signage,DarksalmonUnluckySilkworm
0.986158,0.497641,1.0,0.541141,signage,DarksalmonUnluckySilkworm
0.085485,0.418951,0.131087,0.471067,signage,DarksalmonUnluckySilkworm
0.168368,0.432667,0.219031,0.472499,signage,DarksalmonUnluckySilkworm
0.220795,0.425543,0.285493,0.455791,signage,DarksalmonUnluckySilkworm
0.113507,0.543316,0.129019,0.568594,signage,DarksalmonUnluckySilkworm
0.141925,0.315833,0.193847,0.401372,billboard,DarksalmonUnluckySilkworm
0.338551,0.461883,0.306733,0.484557,signage,DarksalmonUnluckySilkworm
0.302925,0.471823,0.350147,0.48481,signage,DarksalmonUnluckySilkworm
0.393379,0.459234,0.408516,0.484304,billboard,DarksalmonUnluckySilkworm
0.408823,0.50258,0.419806,0.50943,signage,DarksalmonUnluckySilkworm
0.179878,0.573225,0.198778,0.585176,branding,DarksalmonUnluckySilkworm
0.025237,0.492695,0.058349,0.505869,signage,DarksalmonUnluckySilkworm
0.011885,0.514058,0.057014,0.529724,signage,DarksalmonUnluckySilkworm
0.035117,0.50302,0.054878,0.517974,signage,DarksalmonUnluckySilkworm
0.634679,0.537681,0.638809,0.543704,branding,DarksalmonUnluckySilkworm
0.558631,0.469671,0.572751,0.493752,billboard,DarksalmonUnluckySilkworm
0.545933,0.482368,0.561367,0.490687,signage,DarksalmonUnluckySilkworm
0.56653,0.486963,0.577526,0.493627,signage,DarksalmonUnluckySilkworm
0.550527,0.490314,0.558877,0.514896,signage,DarksalmonUnluckySilkworm
0.578244,0.456854,0.554561,0.481523,billboard,DarksalmonUnluckySilkworm
0.341538,0.189012,0.609473,0.342718,signage,FriendlyViolentBlacklemur
0.279149,0.354064,0.681673,0.429538,signage,FriendlyViolentBlacklemur
0.400761,0.493981,0.478128,0.532829,signage,FriendlyViolentBlacklemur
0.397482,0.532337,0.44469,0.581511,signage,FriendlyViolentBlacklemur
0.4401,0.53873,0.483373,0.579053,signage,FriendlyViolentBlacklemur
0.506321,0.530862,0.573198,0.567743,signage,FriendlyViolentBlacklemur
0.518779,0.560858,0.564019,0.616425,signage,FriendlyViolentBlacklemur
0.623683,0.601673,0.657777,0.63757,signage,FriendlyViolentBlacklemur
0.447726,0.505306,0.611346,0.633158,signage,WanHugeOropendula
0.0,0.468439,0.050249,0.528239,signage,HungryLivePrairiedog
0.234635,0.45515,0.507475,0.54485,signage,HungryLivePrairiedog
0.218439,0.347176,0.5299,0.410299,signage,HungryLivePrairiedog
0.701827,0.403654,0.833887,0.543189,signage,HungryLivePrairiedog
0.902409,0.390365,1.0,0.506645,signage,HungryLivePrairiedog
0.320598,0.668458,0.340532,0.691518,signage,HungryLivePrairiedog
0.358999,0.657905,0.374243,0.697772,signage,HungryLivePrairiedog
0.397401,0.655951,0.414989,0.677448,signage,HungryLivePrairiedog
0.7785,0.660098,0.794834,0.688153,signage,HungryLivePrairiedog
0.779884,0.598821,0.81283,0.618385,signage,HungryLivePrairiedog
0.247508,0.446844,0.971761,0.862126,signage,FelineSandyBlackwidowspider
0.118148,0.124585,0.253945,0.225083,signage,SphericalLightseagreenWhiteeye
0.067691,0.204319,0.291321,0.363787,signage,SphericalLightseagreenWhiteeye
0.077658,0.361296,0.27201,0.459302,signage,SphericalLightseagreenWhiteeye
0.41902,0.406977,0.249585,0.225083,billboard,SphericalLightseagreenWhiteeye
0.42954,0.597787,0.445229,0.627318,signage,SphericalLightseagreenWhiteeye
0.425111,0.546599,0.467931,0.57367,signage,SphericalLightseagreenWhiteeye
0.437292,0.529373,0.4683,0.545123,signage,SphericalLightseagreenWhiteeye
0.918685,0.641911,0.959937,0.703927,billboard,SphericalLightseagreenWhiteeye
0.848574,0.445937,0.964588,0.53205,billboard,SphericalLightseagreenWhiteeye
0.806885,0.598966,0.826534,0.617191,signage,SphericalLightseagreenWhiteeye
0.766733,0.616432,0.79407,0.64377,signage,SphericalLightseagreenWhiteeye
0.67034,0.61947,0.705508,0.626304,signage,SphericalLightseagreenWhiteeye
0.611678,0.620229,0.620933,0.63105,signage,SphericalLightseagreenWhiteeye
0.572721,0.640049,0.576468,0.645138,signage,SphericalLightseagreenWhiteeye
0.581062,0.638823,0.588484,0.642593,signage,SphericalLightseagreenWhiteeye
0.543165,0.596041,0.548968,0.601424,signage,SphericalLightseagreenWhiteeye
0.403874,0.555437,0.412213,0.575506,signage,SphericalLightseagreenWhiteeye
0.887238,0.649229,0.898389,0.661992,signage,SphericalLightseagreenWhiteeye
0.754065,0.667751,0.763953,0.685997,signage,SphericalLightseagreenWhiteeye
0.215283,0.550097,0.243738,0.612529,signage,IcyObviousNeontetra
0.340419,0.565501,0.436872,0.599309,signage,IcyObviousNeontetra
0.426321,0.604659,0.482084,0.661946,signage,IcyObviousNeontetra
0.470505,0.559967,0.532058,0.595314,signage,IcyObviousNeontetra
0.55608,0.661636,0.585511,0.71589,signage,IcyObviousNeontetra
0.53692,0.677174,0.551932,0.695874,branding,IcyObviousNeontetra
0.622545,0.583281,0.665885,0.662737,signage,IcyObviousNeontetra
0.661452,0.582624,0.707255,0.658797,signage,IcyObviousNeontetra
0.699375,0.584594,0.745177,0.659454,signage,IcyObviousNeontetra
0.626485,0.511704,0.730895,0.554387,signage,IcyObviousNeontetra
0.862645,0.215307,0.748755,0.432431,billboard,IcyObviousNeontetra
0.355902,0.612774,0.367783,0.623681,signage,IcyObviousNeontetra
0.382001,0.628615,0.390377,0.636666,signage,IcyObviousNeontetra
0.379275,0.637705,0.390182,0.646794,signage,IcyObviousNeontetra
0.522821,0.613553,0.54522,0.620045,signage,IcyObviousNeontetra
0.549115,0.612254,0.567229,0.619526,signage,IcyObviousNeontetra
0.515553,0.628218,0.520879,0.64037,signage,IcyObviousNeontetra
0.523644,0.629993,0.527945,0.63641,signage,IcyObviousNeontetra
0.521391,0.635591,0.528866,0.642555,signage,IcyObviousNeontetra
0.530403,0.636547,0.534397,0.642282,signage,IcyObviousNeontetra
0.54771,0.638049,0.552011,0.64433,signage,IcyObviousNeontetra
0.559896,0.635728,0.565119,0.645422,signage,IcyObviousNeontetra
0.565734,0.636683,0.570752,0.645149,signage,IcyObviousNeontetra
0.957045,0.634498,0.97142,0.644507,signage,IcyObviousNeontetra
0.117094,0.573529,0.179043,0.599586,signage,HopefulMulticoloredGreendarnerdragonfly
0.140085,0.600097,0.160522,0.638416,signage,HopefulMulticoloredGreendarnerdragonfly
0.517069,0.209083,0.380427,0.549268,signage,HopefulMulticoloredGreendarnerdragonfly
0.612477,0.620264,0.63251,0.647467,billboard,HopefulMulticoloredGreendarnerdragonfly
0.868097,0.67803,0.883075,0.685478,branding,HopefulMulticoloredGreendarnerdragonfly
0.725565,0.642426,0.735299,0.647154,branding,HopefulMulticoloredGreendarnerdragonfly
0.891058,0.584494,0.904333,0.610869,signage,HopefulMulticoloredGreendarnerdragonfly
0.768951,0.560026,0.78545,0.614779,signage,HopefulMulticoloredGreendarnerdragonfly
0.806227,0.560515,0.816921,0.58227,signage,HopefulMulticoloredGreendarnerdragonfly
0.447791,0.638084,0.472565,0.668888,signage,HopefulMulticoloredGreendarnerdragonfly
0.949477,0.5999,0.933896,0.609166,signage,HopefulMulticoloredGreendarnerdragonfly
0.0,0.111296,0.519934,0.343854,signage,PerkyPeruRaccoon
0.233887,0.907973,0.20461,0.99186,signage,EnragedSvelteAmphiuma
0.647508,0.634718,0.712292,0.679568,billboard,EnragedSvelteAmphiuma
0.463123,0.386268,0.533555,0.551052,signage,EnragedSvelteAmphiuma
0.584053,0.524474,0.663787,0.603322,signage,EnragedSvelteAmphiuma
0.683721,0.552824,0.6,0.637874,billboard,EnragedSvelteAmphiuma
0.721595,0.323367,0.877741,0.523588,billboard,EnragedSvelteAmphiuma
0.085756,0.589037,0.211586,0.754319,signage,EnragedSvelteAmphiuma
0.331312,0.23206,0.426993,0.519103,signage,EnragedSvelteAmphiuma
0.967359,0.686907,0.997561,0.722747,billboard,EnragedSvelteAmphiuma
0.881282,0.700196,0.92568,0.731204,billboard,EnragedSvelteAmphiuma
0.922575,0.72224,0.959357,0.73901,signage,EnragedSvelteAmphiuma
0.930337,0.747553,0.943976,0.755479,signage,EnragedSvelteAmphiuma
0.945375,0.746154,0.959538,0.754314,signage,EnragedSvelteAmphiuma
0.873684,0.721907,0.886623,0.758044,signage,EnragedSvelteAmphiuma
0.81703,0.741025,0.827347,0.765971,signage,EnragedSvelteAmphiuma
0.797621,0.74219,0.813184,0.759443,billboard,EnragedSvelteAmphiuma
0.625053,0.69479,0.682456,0.724732,signage,EnragedSvelteAmphiuma
0.454911,0.541458,0.968754,0.640683,signage,SlipperySadColt
0.230474,0.280107,0.329699,0.440461,signage,SlipperySadColt
0.23638,0.444005,0.339149,0.61942,signage,SlipperySadColt
0.081637,0.719531,0.146606,0.779774,signage,SlipperySadColt
0.0273,0.878999,0.144243,0.975566,signage,SlipperySadColt
0.806923,0.67169,0.875435,0.726618,signage,SlipperySadColt
0.353821,0.375415,0.683832,0.61794,signage,LikelyGaseousJunco
0.903101,0.578073,1.0,0.752492,signage,LikelyGaseousJunco
0.373033,0.534286,0.4139,0.563436,signage,AntiquewhitePinkAfricanhornbill
0.421045,0.533857,0.459626,0.562579,signage,AntiquewhitePinkAfricanhornbill
0.223281,0.599445,0.299014,0.61745,billboard,AntiquewhitePinkAfricanhornbill
0.333041,0.43661,0.49251,0.472432,signage,AntiquewhitePinkAfricanhornbill
0.0,0.521571,0.020228,0.538459,signage,AntiquewhitePinkAfricanhornbill
0.172585,0.605835,0.185607,0.609838,branding,AntiquewhitePinkAfricanhornbill
0.034896,0.621668,0.00104,0.613363,branding,AntiquewhitePinkAfricanhornbill
0.184967,0.603914,0.19991,0.607116,branding,AntiquewhitePinkAfricanhornbill
0.201242,0.608496,0.208382,0.611669,branding,AntiquewhitePinkAfricanhornbill
0.315615,0.504983,0.598422,0.769103,signage,UnwelcomeGullibleGuanaco
0.659468,0.209302,0.820183,0.566445,signage,UnwelcomeGullibleGuanaco
0.619186,0.23588,0.71304,0.3732,signage,UnwelcomeGullibleGuanaco
0.523908,0.004904,0.682428,0.06692,signage,UnwelcomeGullibleGuanaco
0.632594,0.163107,0.670562,0.217529,signage,UnwelcomeGullibleGuanaco
0.594625,0.146654,0.67341,0.169435,signage,UnwelcomeGullibleGuanaco
0.489262,0.150451,0.525332,0.174498,signage,UnwelcomeGullibleGuanaco
0.52818,0.181459,0.549537,0.221959,signage,UnwelcomeGullibleGuanaco
0.516315,0.110584,0.531977,0.133998,signage,UnwelcomeGullibleGuanaco
0.529129,0.137795,0.543367,0.152982,signage,UnwelcomeGullibleGuanaco
0.438953,0.177662,0.475024,0.221959,signage,UnwelcomeGullibleGuanaco
0.351151,0.177662,0.386747,0.230185,signage,UnwelcomeGullibleGuanaco
0.193889,0.182946,0.225783,0.233444,signage,UnwelcomeGullibleGuanaco
0.2208,0.182281,0.246215,0.233444,signage,UnwelcomeGullibleGuanaco
0.161497,0.125138,0.194886,0.184275,signage,UnwelcomeGullibleGuanaco
0.194886,0.141085,0.233258,0.186932,signage,UnwelcomeGullibleGuanaco
0.687069,0.202019,0.867237,0.403399,signage,FluidWastefulBlacklab
0.0,0.276642,0.055328,0.337976,signage,FluidWastefulBlacklab
0.000894,0.460644,0.049962,0.499489,signage,FluidWastefulBlacklab
0.168492,0.565441,0.180865,0.573002,branding,FluidWastefulBlacklab
0.274862,0.550319,0.279845,0.556963,branding,FluidWastefulBlacklab
0.429691,0.565899,0.435877,0.573002,branding,FluidWastefulBlacklab
0.403743,0.543445,0.417146,0.548027,branding,FluidWastefulBlacklab
0.684112,0.593931,0.692129,0.602598,branding,FluidWastefulBlacklab
0.580761,0.553775,0.590295,0.56562,branding,FluidWastefulBlacklab
0.336578,0.466794,0.34461,0.492082,billboard,FluidWastefulBlacklab
0.356163,0.508452,0.365072,0.521741,billboard,FluidWastefulBlacklab
0.446015,0.512474,0.452014,0.520344,signage,FluidWastefulBlacklab
0.431693,0.504475,0.440789,0.517893,billboard,FluidWastefulBlacklab
0.363864,0.462303,0.370549,0.467651,signage,FluidWastefulBlacklab
0.792627,0.515718,0.802594,0.533293,signage,FluidWastefulBlacklab
0.802273,0.512288,0.807899,0.522791,signage,FluidWastefulBlacklab
0.856447,0.510788,0.864163,0.523434,signage,FluidWastefulBlacklab
0.807899,0.541653,0.821402,0.572089,signage,FluidWastefulBlacklab
0.473422,0.440384,0.626984,0.504614,signage,MuddyMassiveDevilfish
0.470122,0.651634,0.493377,0.661601,branding,MuddyMassiveDevilfish
0.415304,0.665131,0.45351,0.673021,branding,MuddyMassiveDevilfish
0.269882,0.645543,0.280513,0.651745,branding,MuddyMassiveDevilfish
0.729661,0.619143,0.747812,0.638915,billboard,MuddyMassiveDevilfish
0.983773,0.60553,0.998034,0.616551,signage,MuddyMassiveDevilfish
0.453904,0.357143,0.665698,0.468439,signage,MediumforestgreenEnragedDragon
0.276993,0.569767,0.541113,0.664452,signage,MediumforestgreenEnragedDragon
0.600914,0.581395,0.762874,0.664452,signage,MediumforestgreenEnragedDragon
0.541706,0.580288,0.598659,0.601171,signage,MediumforestgreenEnragedDragon
0.868882,0.589856,0.952603,0.629723,signage,MediumforestgreenEnragedDragon
0.0,0.518886,0.061774,0.589528,signage,MediumforestgreenEnragedDragon
0.601981,0.6056,0.634255,0.629647,signage,MediumforestgreenEnragedDragon
0.552148,0.584718,0.575878,0.598007,signage,MediumforestgreenEnragedDragon
0.443937,0.239203,0.684385,0.392027,signage,MediumforestgreenEnragedDragon
0.314369,0.443522,0.623339,0.513289,signage,PlumpLightslateblueSqueaker
0.71304,0.162791,0.492525,0.415282,billboard,PlumpLightslateblueSqueaker
0.83132,0.593023,0.857898,0.638125,billboard,PlumpLightslateblueSqueaker
0.747392,0.496077,0.787259,0.519237,signage,PlumpLightslateblueSqueaker
0.186833,0.558752,0.226176,0.592674,signage,PlumpLightslateblueSqueaker
0.204669,0.424812,0.22093,0.48776,signage,PlumpLightslateblueSqueaker
0.840776,0.397873,0.858969,0.416013,branding,PlumpLightslateblueSqueaker
0.818835,0.405312,0.832299,0.422098,branding,PlumpLightslateblueSqueaker
0.806421,0.40811,0.820584,0.425595,branding,PlumpLightslateblueSqueaker
0.784913,0.414638,0.797153,0.430025,branding,PlumpLightslateblueSqueaker
0.768477,0.419534,0.776171,0.428859,branding,PlumpLightslateblueSqueaker
0.770925,0.39179,0.78299,0.40368,branding,PlumpLightslateblueSqueaker
0.752215,0.399251,0.762532,0.410674,branding,PlumpLightslateblueSqueaker
0.737353,0.406012,0.74697,0.414638,branding,PlumpLightslateblueSqueaker
0.720217,0.411141,0.729834,0.420699,branding,PlumpLightslateblueSqueaker
0.726511,0.366611,0.738052,0.382231,branding,PlumpLightslateblueSqueaker
0.743647,0.359383,0.757811,0.375703,branding,PlumpLightslateblueSqueaker
0.763231,0.352156,0.776695,0.369408,branding,PlumpLightslateblueSqueaker
0.802749,0.340033,0.818311,0.358917,branding,PlumpLightslateblueSqueaker
0.698254,0.37945,0.705491,0.394321,branding,PlumpLightslateblueSqueaker
0.683066,0.383722,0.694219,0.400175,branding,PlumpLightslateblueSqueaker
0.640707,0.405237,0.652928,0.417419,branding,PlumpLightslateblueSqueaker
0.623028,0.409983,0.629791,0.420583,branding,PlumpLightslateblueSqueaker
0.828215,0.325614,0.844731,0.3427,branding,PlumpLightslateblueSqueaker
0.831917,0.286317,0.845016,0.301504,branding,PlumpLightslateblueSqueaker
0.80757,0.297328,0.823944,0.315173,branding,PlumpLightslateblueSqueaker
0.786639,0.306061,0.801447,0.324096,branding,PlumpLightslateblueSqueaker
0.766848,0.317261,0.779235,0.332069,branding,PlumpLightslateblueSqueaker
0.749762,0.323336,0.763431,0.338524,branding,PlumpLightslateblueSqueaker
0.732676,0.332259,0.743355,0.347257,branding,PlumpLightslateblueSqueaker
0.721571,0.338524,0.731822,0.350484,branding,PlumpLightslateblueSqueaker
0.704813,0.34548,0.713568,0.354459,branding,PlumpLightslateblueSqueaker
0.845572,0.475829,0.85924,0.493105,branding,PlumpLightslateblueSqueaker
0.818092,0.481145,0.83532,0.498041,branding,PlumpLightslateblueSqueaker
0.806274,0.445264,0.819943,0.461781,branding,PlumpLightslateblueSqueaker
0.830052,0.440518,0.84486,0.456845,branding,PlumpLightslateblueSqueaker
0.829767,0.25051,0.846018,0.266977,branding,PlumpLightslateblueSqueaker
0.806367,0.262788,0.822076,0.279255,branding,PlumpLightslateblueSqueaker
0.770617,0.28691,0.78405,0.302366,branding,PlumpLightslateblueSqueaker
0.784809,0.279977,0.798459,0.295144,branding,PlumpLightslateblueSqueaker
0.7509,0.290088,0.763467,0.311033,branding,PlumpLightslateblueSqueaker
0.736462,0.297667,0.748336,0.311302,branding,PlumpLightslateblueSqueaker
0.721902,0.306911,0.730829,0.318929,branding,PlumpLightslateblueSqueaker
0.698129,0.321316,0.704064,0.32714,branding,PlumpLightslateblueSqueaker
0.722654,0.276223,0.733292,0.291155,branding,PlumpLightslateblueSqueaker
0.73934,0.265473,0.751546,0.281748,branding,PlumpLightslateblueSqueaker
0.756362,0.259201,0.764313,0.273536,branding,PlumpLightslateblueSqueaker
0.731053,0.243225,0.740796,0.255767,branding,PlumpLightslateblueSqueaker
0.75065,0.232922,0.759385,0.243971,branding,PlumpLightslateblueSqueaker
0.768568,0.223216,0.776183,0.234116,branding,PlumpLightslateblueSqueaker
0.786822,0.21157,0.798133,0.223664,branding,PlumpLightslateblueSqueaker
0.714367,0.254125,0.723886,0.265323,branding,PlumpLightslateblueSqueaker
0.792957,0.239172,0.800615,0.254568,branding,PlumpLightslateblueSqueaker
0.807786,0.227342,0.823101,0.245655,branding,PlumpLightslateblueSqueaker
0.832703,0.211298,0.851421,0.232366,branding,PlumpLightslateblueSqueaker
0.819165,0.190681,0.830762,0.206145,branding,PlumpLightslateblueSqueaker
0.831487,0.148639,0.814453,0.16966,branding,PlumpLightslateblueSqueaker
0.807567,0.163861,0.793251,0.183674,branding,PlumpLightslateblueSqueaker
0.761901,0.182708,0.769874,0.19503,branding,PlumpLightslateblueSqueaker
0.735987,0.203004,0.748129,0.220158,branding,PlumpLightslateblueSqueaker
0.720403,0.217017,0.729826,0.23079,branding,PlumpLightslateblueSqueaker
0.80817,0.117137,0.818332,0.128603,branding,PlumpLightslateblueSqueaker
0.79449,0.126518,0.804261,0.137201,branding,PlumpLightslateblueSqueaker
0.77397,0.14137,0.782764,0.151793,branding,PlumpLightslateblueSqueaker
0.8197,0.07232,0.831426,0.088735,branding,PlumpLightslateblueSqueaker
0.797226,0.090559,0.810124,0.105933,branding,PlumpLightslateblueSqueaker
0.783546,0.099419,0.795858,0.116356,branding,PlumpLightslateblueSqueaker
0.76244,0.115574,0.775338,0.132511,branding,PlumpLightslateblueSqueaker
0.741725,0.13199,0.754037,0.147103,branding,PlumpLightslateblueSqueaker
0.724332,0.14554,0.735471,0.160131,branding,PlumpLightslateblueSqueaker
0.710847,0.157265,0.720228,0.168991,branding,PlumpLightslateblueSqueaker
0.93632,0.145087,0.947533,0.164605,branding,PlumpLightslateblueSqueaker
0.955319,0.148409,0.970269,0.167928,branding,PlumpLightslateblueSqueaker
0.942861,0.217346,0.955942,0.236865,branding,PlumpLightslateblueSqueaker
0.964663,0.219007,0.980236,0.237695,branding,PlumpLightslateblueSqueaker
0.954385,0.257213,0.965597,0.271748,branding,PlumpLightslateblueSqueaker
0.974318,0.256383,0.988023,0.27424,branding,PlumpLightslateblueSqueaker
0.963417,0.290021,0.980859,0.308293,branding,PlumpLightslateblueSqueaker
0.946287,0.287114,0.957188,0.306217,branding,PlumpLightslateblueSqueaker
0.970892,0.327396,0.984908,0.34733,branding,PlumpLightslateblueSqueaker
0.9874,0.293343,1.0,0.312861,branding,PlumpLightslateblueSqueaker
0.956254,0.36228,0.96404,0.373908,branding,PlumpLightslateblueSqueaker
0.978056,0.365187,0.988023,0.376815,branding,PlumpLightslateblueSqueaker
0.964352,0.400901,0.980859,0.419174,branding,PlumpLightslateblueSqueaker
0.986154,0.402147,1.0,0.42208,branding,PlumpLightslateblueSqueaker
0.954385,0.439107,0.968712,0.456134,branding,PlumpLightslateblueSqueaker
0.97681,0.439938,0.992695,0.456964,branding,PlumpLightslateblueSqueaker
0.965286,0.476898,0.981482,0.494755,branding,PlumpLightslateblueSqueaker
0.988334,0.476482,1.0,0.49517,branding,PlumpLightslateblueSqueaker
0.519072,0.595368,0.387936,0.837648,signage,TreasuredPrudentSableantelope
0.628355,0.735906,0.806206,0.779289,signage,TreasuredPrudentSableantelope
0.311604,0.532815,0.389924,0.563926,branding,WindyRoastedQuadrisectus
0.317528,0.560667,0.393873,0.598,branding,WindyRoastedQuadrisectus
0.216173,0.584667,0.303707,0.614,branding,WindyRoastedQuadrisectus
0.301732,0.545852,0.214856,0.58437,branding,WindyRoastedQuadrisectus
0.295151,0.519185,0.209591,0.548222,branding,WindyRoastedQuadrisectus
0.304365,0.496074,0.391899,0.531926,branding,WindyRoastedQuadrisectus
0.856097,0.522924,0.933272,0.540347,signage,TerribleLightsteelblueDolphin
0.959259,0.588188,0.999815,0.60502,signage,TerribleLightsteelblueDolphin
0.847434,0.614766,0.876178,0.631303,signage,TerribleLightsteelblueDolphin
0.827353,0.594094,0.846253,0.605316,signage,TerribleLightsteelblueDolphin
0.768685,0.590845,0.787978,0.610336,signage,TerribleLightsteelblueDolphin
0.795853,0.606792,0.819872,0.615356,signage,TerribleLightsteelblueDolphin
0.70411,0.592913,0.739153,0.632189,signage,TerribleLightsteelblueDolphin
0.674185,0.52381,0.761991,0.540052,signage,TerribleLightsteelblueDolphin
0.523773,0.550092,0.61591,0.565449,signage,TerribleLightsteelblueDolphin
0.597711,0.587545,0.621944,0.610996,signage,TerribleLightsteelblueDolphin
0.562794,0.593408,0.575302,0.620377,signage,TerribleLightsteelblueDolphin
0.495828,0.58305,0.51954,0.602202,signage,TerribleLightsteelblueDolphin
0.435781,0.553405,0.478515,0.563763,signage,TerribleLightsteelblueDolphin
0.335462,0.561613,0.356047,0.574707,signage,TerribleLightsteelblueDolphin
0.390182,0.576857,0.395393,0.580961,branding,TerribleLightsteelblueDolphin
0.314356,0.593859,0.32973,0.612424,signage,TerribleLightsteelblueDolphin
0.232202,0.565082,0.246335,0.572202,signage,TerribleLightsteelblueDolphin
0.042781,0.54151,0.064507,0.573309,billboard,TerribleLightsteelblueDolphin
0.40357,0.617086,0.408745,0.620262,branding,TerribleLightsteelblueDolphin
0.252726,0.612735,0.257587,0.615087,branding,TerribleLightsteelblueDolphin
0.137162,0.608972,0.142023,0.611912,branding,TerribleLightsteelblueDolphin
0.063066,0.607925,0.06625,0.610313,branding,TerribleLightsteelblueDolphin
0.977627,0.658186,0.985681,0.664917,signage,DependableComposedCod
0.975786,0.655424,1.0,0.642481,signage,DependableComposedCod
0.946792,0.67786,0.957837,0.683901,signage,DependableComposedCod
0.96244,0.679932,0.980388,0.6965,signage,DependableComposedCod
0.941039,0.661465,0.959678,0.678378,signage,DependableComposedCod
0.871315,0.684591,0.88236,0.695637,signage,DependableComposedCod
0.88259,0.684764,0.900539,0.698571,signage,DependableComposedCod
0.0,0.676245,0.018165,0.689235,signage,DependableComposedCod
0.01997,0.677868,0.059177,0.712081,signage,DependableComposedCod
0.101589,0.700064,0.116292,0.706002,signage,DependableComposedCod
0.08519,0.706002,0.09518,0.709819,signage,DependableComposedCod
0.091222,0.697378,0.098384,0.704729,signage,DependableComposedCod
0.062947,0.685927,0.096311,0.707133,signage,DependableComposedCod
0.856022,0.630741,0.894412,0.646245,signage,DependableComposedCod
0.566783,0.701616,0.624511,0.722192,signage,DependableComposedCod
0.564496,0.669893,0.675381,0.701616,signage,DependableComposedCod
0.479904,0.668607,0.56221,0.703759,signage,DependableComposedCod
0.454183,0.629598,0.496479,0.649317,signage,DependableComposedCod
0.411315,0.642458,0.43132,0.66775,signage,DependableComposedCod
0.351872,0.641601,0.406743,0.672037,signage,DependableComposedCod
0.191832,0.648814,0.315252,0.668977,signage,DependableComposedCod
0.025032,0.648356,0.105682,0.676767,signage,DependableComposedCod
0.987292,0.692012,0.992815,0.693911,branding,DependableComposedCod
0.114324,0.712081,0.121889,0.715067,branding,DependableComposedCod
0.676477,0.939255,0.708249,0.970416,branding,DependableComposedCod
0.33748,0.506585,0.367011,0.587796,billboard,DependableComposedCod
0.344436,0.34751,0.74606,0.54153,billboard,DependableComposedCod
0.772807,0.55425,0.945564,0.616898,billboard,DependableComposedCod
0.172132,0.404212,0.256659,0.467435,signage,LongMurkyAmoeba
0.168696,0.118334,0.321944,0.373975,signage,LongMurkyAmoeba
0.365885,0.301281,0.429477,0.356193,signage,LongMurkyAmoeba
0.367097,0.427254,0.420998,0.465208,signage,LongMurkyAmoeba
0.713934,0.30107,0.79729,0.369125,signage,LongMurkyAmoeba
0.686456,0.476926,0.713878,0.501606,billboard,YellowBabyishRainbowlorikeet
0.616003,0.452563,0.645113,0.469016,signage,YellowBabyishRainbowlorikeet
0.351815,0.450918,0.4715,0.463455,signage,YellowBabyishRainbowlorikeet
0.534685,0.472482,0.578815,0.507836,branding,YellowBabyishRainbowlorikeet
0.17125,0.292667,0.37425,0.408,billboard,BlaringTallQuetzalcoatlus
0.605179,0.444048,0.684107,0.479524,billboard,BlaringTallQuetzalcoatlus
0.553999,0.357788,0.701286,0.536359,billboard,WryDarkmagentaDegus
0.358989,0.39701,0.782761,0.437984,signage,PuzzlingRoastedItaliangreyhound
0.850497,0.494429,0.901832,0.558104,billboard,MeagerFilthyQueenconch
0.292919,0.503323,0.344712,0.522392,signage,MeagerFilthyQueenconch
0.414907,0.370064,0.473353,0.470783,signage,GrownAnimatedSnowyowl
0.609706,0.474135,0.690627,0.483337,signage,GrownAnimatedSnowyowl
0.585591,0.440966,0.606284,0.448178,signage,GrownAnimatedSnowyowl
0.585347,0.449182,0.602632,0.463516,signage,GrownAnimatedSnowyowl
0.613744,0.462461,0.653766,0.469474,signage,GrownAnimatedSnowyowl
0.656945,0.441842,0.691917,0.452502,signage,GrownAnimatedSnowyowl
0.688737,0.445209,0.702764,0.452502,signage,GrownAnimatedSnowyowl
0.702764,0.44563,0.718286,0.452923,signage,GrownAnimatedSnowyowl
0.689376,0.475957,0.762424,0.484303,signage,GrownAnimatedSnowyowl
0.787093,0.477927,0.814196,0.484807,signage,GrownAnimatedSnowyowl
0.787649,0.472611,0.803494,0.477823,signage,GrownAnimatedSnowyowl
0.812806,0.477719,0.827539,0.484703,signage,GrownAnimatedSnowyowl
0.762769,0.477406,0.788065,0.483452,signage,GrownAnimatedSnowyowl
0.764436,0.44842,0.815885,0.457256,signage,GrownAnimatedSnowyowl
0.471833,0.469163,0.517201,0.478305,signage,GrownAnimatedSnowyowl
0.447682,0.468148,0.458064,0.51724,signage,GrownAnimatedSnowyowl
0.377993,0.470454,0.399179,0.505442,signage,GrownAnimatedSnowyowl
0.378401,0.487566,0.399383,0.504831,signage,GrownAnimatedSnowyowl
0.340377,0.486073,0.353921,0.493035,signage,GrownAnimatedSnowyowl
0.344333,0.474317,0.354073,0.487557,signage,GrownAnimatedSnowyowl
0.344859,0.457228,0.35089,0.467209,signage,GrownAnimatedSnowyowl
0.285101,0.453671,0.332676,0.473409,billboard,GrownAnimatedSnowyowl
0.323566,0.4581,0.332676,0.489225,signage,GrownAnimatedSnowyowl
0.317492,0.462528,0.324409,0.491123,signage,GrownAnimatedSnowyowl
0.310576,0.464046,0.318167,0.492768,signage,GrownAnimatedSnowyowl
0.303659,0.468222,0.311756,0.493021,signage,GrownAnimatedSnowyowl
0.291763,0.47415,0.317762,0.484175,signage,GrownAnimatedSnowyowl
0.226943,0.483212,0.235463,0.501523,signage,GrownAnimatedSnowyowl
0.235151,0.491705,0.251462,0.495445,signage,GrownAnimatedSnowyowl
0.253228,0.481419,0.272552,0.491705,billboard,GrownAnimatedSnowyowl
0.078898,0.457653,0.0,0.482267,billboard,GrownAnimatedSnowyowl
0.107167,0.494109,0.114914,0.504278,signage,GrownAnimatedSnowyowl
0.235616,0.497481,0.247386,0.500353,signage,GrownAnimatedSnowyowl
0.271512,0.478516,0.278145,0.488352,signage,GrownAnimatedSnowyowl
0.868338,0.479695,0.88491,0.486115,signage,GrownAnimatedSnowyowl
0.972043,0.470625,1.0,0.48038,signage,GrownAnimatedSnowyowl
0.981091,0.469494,0.993533,0.493387,signage,GrownAnimatedSnowyowl
0.277908,0.052805,0.816143,0.204875,signage,MistyroseWornShibainu
0.215237,0.099808,0.60601,0.392888,signage,MistyroseWornShibainu
0.547026,0.171696,0.841949,0.390124,signage,MistyroseWornShibainu
0.263162,0.33759,0.613383,0.614081,signage,MistyroseWornShibainu
0.547026,0.34865,0.889874,0.605786,signage,MistyroseWornShibainu
0.269277,0.807417,0.398201,0.953607,signage,MistyroseWornShibainu
0.086463,0.701644,0.172076,0.72252,signage,MistyroseWornShibainu
0.08351,0.750671,0.102489,0.764272,signage,MistyroseWornShibainu
0.19738,0.750354,0.255158,0.763323,signage,MistyroseWornShibainu
0.310406,0.720622,0.246302,0.759844,signage,MistyroseWornShibainu
0.258954,0.752569,0.272028,0.77471,signage,MistyroseWornShibainu
0.025699,0.775234,0.0,0.802525,signage,MistyroseWornShibainu
0.461335,0.417038,0.696741,0.442857,signage,StaidJuniorHoki
0.441367,0.481501,0.477085,0.516938,signage,StaidJuniorHoki
0.40171,0.482977,0.43771,0.517571,signage,StaidJuniorHoki
0.360367,0.48361,0.396085,0.516938,signage,StaidJuniorHoki
0.049204,0.512406,0.060255,0.523266,signage,StaidJuniorHoki
0.926897,0.518177,0.975722,0.557749,branding,StaidJuniorHoki
0.954065,0.504002,0.990684,0.524969,branding,StaidJuniorHoki
0.775957,0.375864,0.818099,0.444464,signage,ZestyColossalShorebird
0.646179,0.413576,0.676828,0.461704,signage,ZestyColossalShorebird
0.576262,0.420041,0.600685,0.459549,signage,ZestyColossalShorebird
0.541304,0.427225,0.558065,0.458831,signage,ZestyColossalShorebird
0.522627,0.445901,0.540346,0.470683,signage,ZestyColossalShorebird
0.486232,0.431535,0.506345,0.463141,signage,ZestyColossalShorebird
0.168249,0.425154,0.267916,0.568296,billboard,BulkyWildIndochinahogdeer
0.318605,0.524632,0.361889,0.555387,signage,BulkyWildIndochinahogdeer
0.0,0.537489,0.017173,0.564436,signage,BulkyWildIndochinahogdeer
0.039875,0.44705,0.088325,0.466983,signage,BulkyWildIndochinahogdeer
0.552029,0.514344,0.574703,0.546902,signage,BulkyWildIndochinahogdeer
0.604604,0.489427,0.627527,0.528629,signage,BulkyWildIndochinahogdeer
0.580933,0.544909,0.596132,0.530623,signage,BulkyWildIndochinahogdeer
0.562673,0.582154,0.571712,0.593434,signage,BulkyWildIndochinahogdeer
0.563484,0.592507,0.570669,0.602242,signage,BulkyWildIndochinahogdeer
0.450468,0.62081,0.454588,0.624708,branding,BulkyWildIndochinahogdeer
0.578391,0.483297,0.606826,0.533717,billboard,BulkyWildIndochinahogdeer
0.759259,0.484861,0.816421,0.526682,billboard,BulkyWildIndochinahogdeer
0.792383,0.448902,0.823163,0.48916,billboard,BulkyWildIndochinahogdeer
0.732436,0.55026,0.746141,0.562054,signage,BulkyWildIndochinahogdeer
0.726456,0.560725,0.750875,0.568367,signage,BulkyWildIndochinahogdeer
0.765576,0.544779,0.770559,0.552088,signage,BulkyWildIndochinahogdeer
0.806392,0.528128,0.830597,0.55882,billboard,BulkyWildIndochinahogdeer
0.841167,0.528338,0.859308,0.540283,signage,BulkyWildIndochinahogdeer
0.840943,0.539238,0.86054,0.551034,signage,BulkyWildIndochinahogdeer
0.842174,0.561486,0.849118,0.57149,signage,BulkyWildIndochinahogdeer
0.861117,0.544569,0.889077,0.55774,billboard,BulkyWildIndochinahogdeer
0.981927,0.609803,1.0,0.652649,signage,BulkyWildIndochinahogdeer
0.921485,0.589557,0.928885,0.603853,signage,BulkyWildIndochinahogdeer
0.918314,0.597611,0.924808,0.603652,signage,BulkyWildIndochinahogdeer
0.918012,0.571436,0.923449,0.577074,signage,BulkyWildIndochinahogdeer
0.916502,0.579691,0.927828,0.591168,signage,BulkyWildIndochinahogdeer
0.01065,0.313952,0.044355,0.42329,billboard,FrontFinishedNoddy
0.052347,0.432093,0.072153,0.461281,signage,FrontFinishedNoddy
0.229562,0.464143,0.315538,0.476535,signage,FrontFinishedNoddy
0.314376,0.461819,0.413713,0.478085,signage,FrontFinishedNoddy
0.453216,0.430836,0.475291,0.461044,signage,FrontFinishedNoddy
0.532221,0.427738,0.571143,0.447877,signage,FrontFinishedNoddy
0.592405,0.484142,0.629844,0.515822,signage,FrontFinishedNoddy
0.693649,0.450201,0.818085,0.470435,signage,FrontFinishedNoddy
0.871876,0.424331,0.91771,0.451292,signage,FrontFinishedNoddy
0.887716,0.449045,0.932201,0.46612,signage,FrontFinishedNoddy
0.890075,0.471063,0.95377,0.48679,signage,FrontFinishedNoddy
0.588733,0.460322,0.616231,0.468975,signage,FrontFinishedNoddy
0.568428,0.802874,0.597284,0.840463,signage,AromaticLimeAgouti
0.590365,0.784718,0.624031,0.812957,signage,AromaticLimeAgouti
0.600554,0.812292,0.627132,0.848173,signage,AromaticLimeAgouti
0.63289,0.783721,0.695792,0.849834,signage,AromaticLimeAgouti
0.026024,0.196013,0.557586,0.448505,signage,AromaticLimeAgouti
0.548726,0.405316,0.796788,0.533223,signage,AromaticLimeAgouti
0.031838,0.159653,0.218439,0.294758,signage,CandidRustySeaurchin
0.852069,0.402682,0.963697,0.454775,signage,CandidRustySeaurchin
0.620373,0.417814,0.673529,0.466224,billboard,CandidRustySeaurchin
0.559048,0.509303,0.550439,0.521327,signage,CandidRustySeaurchin
0.568749,0.506023,0.574761,0.521327,signage,CandidRustySeaurchin
0.59799,0.501469,0.584599,0.517501,signage,CandidRustySeaurchin
0.607691,0.499465,0.603182,0.515315,signage,CandidRustySeaurchin
0.609468,0.490902,0.617666,0.52078,signage,CandidRustySeaurchin
0.653816,0.497577,0.663175,0.510963,signage,CandidRustySeaurchin
0.631185,0.509828,0.685806,0.51913,signage,CandidRustySeaurchin
0.562635,0.522386,0.570127,0.526807,signage,CandidRustySeaurchin
0.556003,0.523696,0.562389,0.528772,signage,CandidRustySeaurchin
0.571248,0.553664,0.575815,0.557337,branding,CandidRustySeaurchin
0.830805,0.507681,0.848305,0.524291,signage,CandidRustySeaurchin
0.787975,0.5257,0.80747,0.561219,billboard,CandidRustySeaurchin
0.788464,0.467841,0.777617,0.507252,signage,CandidRustySeaurchin
0.764422,0.515732,0.776582,0.524247,signage,CandidRustySeaurchin
0.772582,0.533709,0.777311,0.539015,signage,CandidRustySeaurchin
0.692465,0.504113,0.723338,0.521104,signage,CandidRustySeaurchin
0.729249,0.523906,0.744226,0.535993,signage,CandidRustySeaurchin
0.369918,0.535548,0.383987,0.559044,billboard,CandidRustySeaurchin
0.261794,0.382392,0.28098,0.450166,billboard,TeemingFunnyAntbear
0.237874,0.438538,0.286213,0.482392,signage,TeemingFunnyAntbear
0.317231,0.494314,0.344881,0.50546,signage,TeemingFunnyAntbear
0.743552,0.459591,0.764128,0.484455,signage,TeemingFunnyAntbear
0.675392,0.458734,0.704006,0.482311,signage,TeemingFunnyAntbear
0.707543,0.415009,0.738729,0.441158,signage,TeemingFunnyAntbear
0.707543,0.389288,0.739051,0.421439,signage,TeemingFunnyAntbear
0.520746,0.241822,0.587298,0.348563,billboard,TeemingFunnyAntbear
0.488917,0.315555,0.512387,0.394432,billboard,TeemingFunnyAntbear
0.435963,0.465889,0.475052,0.502226,branding,TeemingFunnyAntbear
0.210963,0.468439,0.537375,0.609635,billboard,StickyMintyFlies
0.678156,0.45515,0.968439,0.576412,billboard,StickyMintyFlies
0.127272,0.315279,0.250564,0.355638,signage,StickyMintyFlies
0.195193,0.429958,0.231,0.456044,branding,StickyMintyFlies
0.817081,0.0,1.0,0.130247,signage,StickyMintyFlies
0.498144,0.294826,0.795614,0.343894,signage,StickyMintyFlies
0.229651,0.385382,0.571013,0.539867,billboard,WhichSickAlaskajingle
0.756645,0.302326,0.947259,0.4701,billboard,WhichSickAlaskajingle
0.784053,0.416611,0.921096,0.483056,signage,WhichSickAlaskajingle
0.822924,0.485714,0.880731,0.643189,signage,WhichSickAlaskajingle
0.972924,0.447841,1.0,0.49103,signage,WhichSickAlaskajingle
0.902159,0.60617,0.949146,0.643189,signage,WhichSickAlaskajingle
0.547663,0.610847,0.599158,0.654775,signage,WhichSickAlaskajingle
0.379275,0.669415,0.408991,0.727985,signage,WhichSickAlaskajingle
0.324643,0.629302,0.348821,0.6672,signage,WhichSickAlaskajingle
0.534203,0.810057,0.561612,0.840622,branding,WhichSickAlaskajingle
0.142011,0.785473,0.163937,0.800755,branding,WhichSickAlaskajingle
0.621111,0.194815,0.819444,0.307407,billboard,TrustworthyIncredibleFairybluebird
0.433778,0.453352,0.448403,0.468352,billboard,TrustworthyIncredibleFairybluebird
0.494653,0.47345,0.472903,0.480616,billboard,TrustworthyIncredibleFairybluebird
0.173432,0.43044,0.187448,0.458472,signage,TrustworthyIncredibleFairybluebird
0.070454,0.463371,0.083615,0.478534,signage,TrustworthyIncredibleFairybluebird
0.050648,0.460986,0.05857,0.501193,signage,TrustworthyIncredibleFairybluebird
0.040553,0.445652,0.04707,0.49949,signage,TrustworthyIncredibleFairybluebird
0.338398,0.411335,0.382379,0.433273,signage,TrustworthyIncredibleFairybluebird
0.402154,0.461327,0.42367,0.472507,signage,TrustworthyIncredibleFairybluebird
0.375824,0.471266,0.384053,0.482237,signage,TrustworthyIncredibleFairybluebird
0.378374,0.459677,0.387298,0.466012,signage,TrustworthyIncredibleFairybluebird
0.570652,0.518589,0.576323,0.525233,branding,TrustworthyIncredibleFairybluebird
0.548012,0.459709,0.554615,0.472998,signage,TrustworthyIncredibleFairybluebird
0.536176,0.439942,0.547264,0.462699,signage,TrustworthyIncredibleFairybluebird
0.53057,0.427483,0.542779,0.477815,signage,TrustworthyIncredibleFairybluebird
0.523469,0.442932,0.533685,0.489609,signage,TrustworthyIncredibleFairybluebird
0.514196,0.479963,0.504655,0.446116,signage,TrustworthyIncredibleFairybluebird
0.3994,0.622316,1.0,0.786565,billboard,IcyCalmLonghorn
1.0,0.225534,0.768499,0.400856,signage,IcyCalmLonghorn
0.34815,0.253479,0.054263,0.290215,signage,DefiantAveragePinkriverdolphin
0.968254,0.502019,0.988795,0.514299,signage,DefiantAveragePinkriverdolphin
0.889154,0.504049,0.901439,0.512468,signage,DefiantAveragePinkriverdolphin
0.92749,0.504525,0.937656,0.511197,signage,DefiantAveragePinkriverdolphin
0.819685,0.487688,0.791516,0.494995,signage,DefiantAveragePinkriverdolphin
0.599449,0.495307,0.60352,0.499378,signage,DefiantAveragePinkriverdolphin
0.417906,0.511124,0.425602,0.515453,signage,DefiantAveragePinkriverdolphin
0.421326,0.463185,0.427526,0.490922,signage,DefiantAveragePinkriverdolphin
0.744038,0.562228,0.756166,0.566776,branding,DefiantAveragePinkriverdolphin
0.118605,0.634551,0.15227,0.665116,branding,GhostwhiteSalmonAmericansaddlebred
0.371982,0.491694,0.501329,0.52093,signage,GhostwhiteSalmonAmericansaddlebred
0.321484,0.444518,0.201883,0.504319,billboard,GhostwhiteSalmonAmericansaddlebred
0.651938,0.389369,0.788372,0.463787,billboard,GhostwhiteSalmonAmericansaddlebred
0.782171,0.195349,0.963787,0.338206,signage,GhostwhiteSalmonAmericansaddlebred
0.735216,0.330897,1.0,0.451163,signage,GhostwhiteSalmonAmericansaddlebred
0.771539,0.454485,1.0,0.498339,signage,GhostwhiteSalmonAmericansaddlebred
0.069794,0.539211,0.129981,0.564312,billboard,GhostwhiteSalmonAmericansaddlebred
0.221669,0.507359,0.201419,0.531828,signage,GhostwhiteSalmonAmericansaddlebred
0.126044,0.534148,0.165419,0.542586,signage,GhostwhiteSalmonAmericansaddlebred
0.694432,0.544898,0.715103,0.551266,signage,GhostwhiteSalmonAmericansaddlebred
0.490033,0.486711,0.639535,0.563123,branding,NaughtySecondNag
0.264535,0.388704,0.377907,0.543189,branding,NaughtySecondNag
0.681702,0.697801,0.690561,0.70511,billboard,WhiteGrossLowchen
0.49456,0.74887,0.515569,0.786269,billboard,WhiteGrossLowchen
0.465704,0.757033,0.493547,0.802596,billboard,WhiteGrossLowchen
0.723562,0.673881,0.756563,0.686007,billboard,WhiteGrossLowchen
0.81833,0.654655,0.847344,0.672263,billboard,WhiteGrossLowchen
0.882117,0.651499,0.911575,0.675253,billboard,WhiteGrossLowchen
0.250553,0.424951,0.544388,0.523511,billboard,WhiteGrossLowchen
0.587504,0.473124,0.712126,0.568805,billboard,WhiteGrossLowchen
0.698275,0.742631,0.703695,0.747009,branding,WhiteGrossLowchen
0.834418,0.734963,0.841156,0.740391,branding,WhiteGrossLowchen
0.943725,0.740578,0.949964,0.745444,branding,WhiteGrossLowchen
0.365213,0.752667,0.378123,0.76121,branding,WhiteGrossLowchen
0.970711,0.67625,0.997511,0.686549,signage,WhiteGrossLowchen
0.663591,0.716064,0.669985,0.729764,signage,WhiteGrossLowchen
0.751691,0.698466,0.766309,0.706107,signage,WhiteGrossLowchen
0.753463,0.686838,0.764094,0.696971,signage,WhiteGrossLowchen
0.777826,0.698964,0.796209,0.705442,signage,WhiteGrossLowchen
0.911353,0.685552,0.933723,0.689705,signage,WhiteGrossLowchen
0.050158,0.477775,0.497403,0.532306,signage,WhiteGrossLowchen
0.569136,0.456611,0.438395,0.521101,signage,LuxuriousLightIberianlynx
0.443965,0.414789,0.561514,0.457001,signage,LuxuriousLightIberianlynx
0.332228,0.899932,0.352615,0.933154,branding,LuxuriousLightIberianlynx
0.833286,0.651215,0.840511,0.668491,branding,LuxuriousLightIberianlynx
0.405499,0.516405,0.167824,0.49945,signage,WavyTautHarvestmouse
0.006523,0.558563,0.123222,0.594306,signage,WavyTautHarvestmouse
0.473115,0.559846,0.506688,0.601112,signage,WavyTautHarvestmouse
0.403484,0.560779,0.429907,0.594351,signage,WavyTautHarvestmouse
0.406721,0.493951,0.506924,0.52282,signage,WavyTautHarvestmouse
0.606515,0.514629,0.679605,0.55062,signage,WavyTautHarvestmouse
0.583139,0.530968,0.600857,0.575265,signage,WavyTautHarvestmouse
0.536379,0.351838,0.650812,0.45206,signage,WavyTautHarvestmouse
0.381677,0.559694,0.399895,0.571299,signage,WavyTautHarvestmouse
0.375438,0.577663,0.392658,0.590016,signage,WavyTautHarvestmouse
0.378433,0.590765,0.393656,0.594508,signage,WavyTautHarvestmouse
0.446313,0.558384,0.474014,0.576914,signage,WavyTautHarvestmouse
0.825801,0.577294,0.841475,0.580668,signage,WavyTautHarvestmouse
0.375964,0.473736,0.415484,0.434765,signage,FormalKnowingCamel
0.328622,0.47154,0.458297,0.482518,signage,FormalKnowingCamel
0.462002,0.445194,0.529928,0.470991,signage,FormalKnowingCamel
0.578916,0.468796,0.619671,0.433118,signage,FormalKnowingCamel
0.531471,0.467293,0.671525,0.480815,signage,FormalKnowingCamel
0.704172,0.436696,0.770775,0.449624,signage,FormalKnowingCamel
0.705858,0.455244,0.778784,0.466485,signage,FormalKnowingCamel
0.83363,0.483584,0.863687,0.490222,signage,FormalKnowingCamel
0.990692,0.444521,1.0,0.456951,signage,FormalKnowingCamel
0.981622,0.469044,1.0,0.485505,signage,FormalKnowingCamel
0.176198,0.467291,0.201327,0.481444,signage,FormalKnowingCamel
0.120158,0.502944,0.140654,0.516329,signage,FormalKnowingCamel
0.0,0.428482,0.014582,0.439634,signage,FormalKnowingCamel
0.040217,0.544956,0.045869,0.550778,branding,FormalKnowingCamel
0.22572,0.54631,0.230007,0.551788,branding,FormalKnowingCamel
0.25398,0.498194,0.274452,0.516324,signage,FormalKnowingCamel
0.986627,0.602855,0.999143,0.617739,branding,FormalKnowingCamel
0.586379,0.282392,0.756921,0.418605,signage,MagentaPunyAphid
0.513466,0.410482,0.409534,0.464774,signage,SlipperySurefootedLemming
0.677378,0.466713,0.552246,0.522557,signage,SlipperySurefootedLemming
0.709523,0.729346,0.821707,0.742391,signage,SlipperySurefootedLemming
0.568316,0.676968,0.671124,0.697997,signage,SlipperySurefootedLemming
0.436387,0.609502,0.458069,0.627754,signage,SlipperySurefootedLemming
0.504086,0.673883,0.440812,0.686825,signage,SlipperySurefootedLemming
0.440812,0.711051,0.470901,0.736935,signage,SlipperySurefootedLemming
0.431963,0.674214,0.346122,0.729966,billboard,SlipperySurefootedLemming
0.326898,0.685176,0.270107,0.729453,billboard,SlipperySurefootedLemming
0.211614,0.679823,0.186539,0.690081,signage,SlipperySurefootedLemming
0.089279,0.659844,0.128533,0.666327,signage,SlipperySurefootedLemming
0.064002,0.660957,0.054567,0.665933,signage,SlipperySurefootedLemming
0.220536,0.732687,0.225344,0.735091,branding,SlipperySurefootedLemming
0.119207,0.726261,0.123019,0.728117,branding,SlipperySurefootedLemming
0.366889,0.2414,0.789517,0.411337,signage,AttentiveArcticLoggerheadturtle
0.24376,0.503694,0.985025,0.96548,signage,AttentiveArcticLoggerheadturtle
0.173785,0.396296,0.486742,0.458488,signage,ResponsibleShortMotmot
0.24116,0.549502,0.26136,0.584762,signage,ResponsibleShortMotmot
0.257771,0.544186,0.283154,0.58175,signage,ResponsibleShortMotmot
0.283286,0.542237,0.308536,0.580332,signage,ResponsibleShortMotmot
0.289798,0.536035,0.304283,0.547375,signage,ResponsibleShortMotmot
0.298303,0.551628,0.315446,0.578383,signage,ResponsibleShortMotmot
0.222821,0.55907,0.241958,0.586179,signage,ResponsibleShortMotmot
0.225479,0.584939,0.2591,0.609214,signage,ResponsibleShortMotmot
0.226011,0.607442,0.255512,0.627818,signage,ResponsibleShortMotmot
0.25126,0.58299,0.264549,0.601949,signage,ResponsibleShortMotmot
0.259366,0.578029,0.282888,0.609214,signage,ResponsibleShortMotmot
0.283154,0.579978,0.307871,0.622857,signage,ResponsibleShortMotmot
0.304948,0.577497,0.333918,0.620554,signage,ResponsibleShortMotmot
0.329931,0.575017,0.356509,0.619491,signage,ResponsibleShortMotmot
0.318104,0.545072,0.330197,0.570233,signage,ResponsibleShortMotmot
0.332323,0.526999,0.351061,0.53515,signage,ResponsibleShortMotmot
0.32807,0.553223,0.339366,0.569169,signage,ResponsibleShortMotmot
0.345479,0.544895,0.355446,0.562436,signage,ResponsibleShortMotmot
0.344416,0.561373,0.354117,0.574308,signage,ResponsibleShortMotmot
0.375778,0.528948,0.389333,0.5433,signage,ResponsibleShortMotmot
0.379765,0.546312,0.391592,0.561728,signage,ResponsibleShortMotmot
0.379366,0.563145,0.392389,0.580332,signage,ResponsibleShortMotmot
0.359167,0.561905,0.366343,0.573599,signage,ResponsibleShortMotmot
0.359167,0.544718,0.363021,0.559424,signage,ResponsibleShortMotmot
0.403951,0.515482,0.420163,0.532846,signage,ResponsibleShortMotmot
0.40116,0.530543,0.422423,0.546312,signage,ResponsibleShortMotmot
0.401559,0.574131,0.422954,0.588483,signage,ResponsibleShortMotmot
0.419499,0.569347,0.431459,0.58742,signage,ResponsibleShortMotmot
0.431459,0.566157,0.46136,0.610277,signage,ResponsibleShortMotmot
0.415247,0.474906,0.439433,0.492802,signage,ResponsibleShortMotmot
0.442356,0.472425,0.501625,0.513533,signage,ResponsibleShortMotmot
0.495911,0.472602,0.510795,0.512115,signage,ResponsibleShortMotmot
0.495247,0.461085,0.543486,0.478095,signage,ResponsibleShortMotmot
0.478635,0.559424,0.498569,0.606202,signage,ResponsibleShortMotmot
0.523818,0.558361,0.564748,0.600709,signage,ResponsibleShortMotmot
0.374074,0.481435,0.452083,0.516446,signage,ResponsibleShortMotmot
0.32769,0.487312,0.391132,0.523602,signage,ResponsibleShortMotmot
0.278431,0.48399,0.322131,0.506224,signage,ResponsibleShortMotmot
0.659517,0.322213,0.74993,0.379166,signage,ResponsibleShortMotmot
0.608971,0.372522,0.792645,0.426627,signage,ResponsibleShortMotmot
0.762976,0.521924,0.815823,0.58157,signage,ResponsibleShortMotmot
0.745824,0.508635,0.809565,0.531195,signage,ResponsibleShortMotmot
0.682083,0.515125,0.748142,0.533359,signage,ResponsibleShortMotmot
0.684864,0.548502,0.706421,0.579407,signage,ResponsibleShortMotmot
0.679533,0.468459,0.722645,0.496891,signage,ResponsibleShortMotmot
0.765758,0.472167,0.786387,0.514198,signage,ResponsibleShortMotmot
0.697149,0.502145,0.708043,0.52316,signage,ResponsibleShortMotmot
0.686023,0.505235,0.699931,0.520997,signage,ResponsibleShortMotmot
0.650328,0.49411,0.679533,0.523469,signage,ResponsibleShortMotmot
0.665626,0.511416,0.682547,0.534904,signage,ResponsibleShortMotmot
0.595627,0.484529,0.622282,0.513889,signage,ResponsibleShortMotmot
0.622282,0.508017,0.642448,0.519761,signage,ResponsibleShortMotmot
0.580561,0.525942,0.613024,0.544546,signage,ResponsibleShortMotmot
0.581415,0.535813,0.60021,0.549862,signage,ResponsibleShortMotmot
0.623845,0.551001,0.646626,0.594665,signage,ResponsibleShortMotmot
0.736484,0.434697,0.680534,0.474564,signage,ResponsibleShortMotmot
0.238477,0.492201,0.285688,0.524375,signage,VainWebbedIchidna
0.353357,0.500245,0.407125,0.52997,signage,VainWebbedIchidna
0.205167,0.521227,0.230608,0.569837,signage,VainWebbedIchidna
0.205167,0.571936,0.229559,0.583476,signage,VainWebbedIchidna
0.231395,0.571586,0.255001,0.583126,signage,VainWebbedIchidna
0.231658,0.521577,0.255525,0.571236,signage,VainWebbedIchidna
0.295917,0.52997,0.317687,0.570887,signage,VainWebbedIchidna
0.332899,0.531019,0.352833,0.569837,signage,VainWebbedIchidna
0.353095,0.53067,0.372766,0.570537,signage,VainWebbedIchidna
0.372766,0.529621,0.386667,0.564941,signage,VainWebbedIchidna
0.435714,0.507589,0.50181,0.52997,signage,VainWebbedIchidna
0.481352,0.537664,0.502859,0.549904,signage,VainWebbedIchidna
0.44817,0.575279,0.460203,0.589541,signage,VainWebbedIchidna
0.433219,0.541408,0.440998,0.548053,signage,VainWebbedIchidna
0.530752,0.50453,0.562314,0.535537,signage,VainWebbedIchidna
0.573388,0.55424,0.58317,0.56876,signage,VainWebbedIchidna
0.607902,0.376315,0.644816,0.489518,signage,VainWebbedIchidna
0.730803,0.50055,0.885703,0.528235,signage,VainWebbedIchidna
0.680461,0.551368,0.702979,0.570071,signage,VainWebbedIchidna
0.838649,0.54739,0.854311,0.557967,signage,VainWebbedIchidna
0.868956,0.534644,0.88889,0.547662,signage,VainWebbedIchidna
0.0,0.502441,0.032116,0.521637,signage,VainWebbedIchidna
0.013844,0.44707,0.026303,0.504656,signage,VainWebbedIchidna
0.057587,0.488783,0.086103,0.519422,signage,VainWebbedIchidna
0.073368,0.526805,0.090533,0.588082,signage,VainWebbedIchidna
0.091087,0.526066,0.108528,0.590666,signage,VainWebbedIchidna
0.109359,0.52865,0.122094,0.590297,signage,VainWebbedIchidna
0.293468,0.660064,0.308418,0.672246,branding,VainWebbedIchidna
0.398949,0.624996,0.407809,0.635332,branding,VainWebbedIchidna
0.445779,0.53703,0.472357,0.575513,signage,VainWebbedIchidna
0.481286,0.567207,0.48793,0.585756,signage,VainWebbedIchidna
0.564281,0.416853,0.32702,0.620365,signage,IllinformedEnviousAphid
0.628372,0.394758,0.0,0.60369,billboard,IllinformedEnviousAphid
0.21496,0.646227,0.455152,0.792804,signage,IllinformedEnviousAphid
0.368623,0.742453,0.490957,0.821896,signage,IllinformedEnviousAphid
0.474546,0.786091,0.523778,0.850987,signage,IllinformedEnviousAphid
0.831561,0.911065,0.875329,0.954029,branding,IllinformedEnviousAphid
0.773756,0.843644,0.780467,0.849181,branding,IllinformedEnviousAphid
0.578781,0.734401,0.607916,0.76314,signage,IllinformedEnviousAphid
0.610449,0.744376,0.652251,0.766227,signage,IllinformedEnviousAphid
0.620583,0.77549,0.653518,0.791404,signage,IllinformedEnviousAphid
0.630083,0.76504,0.645917,0.777153,signage,IllinformedEnviousAphid
0.604749,0.766465,0.648134,0.777153,signage,IllinformedEnviousAphid
0.661031,0.810755,0.667627,0.819219,billboard,IllinformedEnviousAphid
0.52404,0.137497,0.913374,0.308302,signage,EquatorialSaneArmedcrab
0.811645,0.594651,0.894535,0.644888,signage,EquatorialSaneArmedcrab
0.23827,0.43979,0.381495,0.492173,signage,EquatorialSaneArmedcrab
0.061889,0.399569,0.134389,0.457903,billboard,TepidAshamedShark
0.551534,0.514296,0.597587,0.556912,signage,TepidAshamedShark
0.523352,0.505589,0.541911,0.550497,signage,TepidAshamedShark
0.497773,0.522217,0.508769,0.556614,signage,TepidAshamedShark
0.467958,0.498252,0.499042,0.541953,billboard,TepidAshamedShark
0.481014,0.605287,0.500788,0.629625,signage,TepidAshamedShark
0.573405,0.569139,0.621583,0.579166,signage,TepidAshamedShark
0.572465,0.577599,0.583745,0.598907,signage,TepidAshamedShark
0.638379,0.491477,0.658139,0.520526,signage,TepidAshamedShark
0.660166,0.529984,0.598605,0.547886,signage,TepidAshamedShark
0.67119,0.558967,0.678281,0.571099,signage,TepidAshamedShark
0.773689,0.401322,0.720455,0.473952,signage,TepidAshamedShark
0.781943,0.49321,0.732422,0.535577,signage,TepidAshamedShark
0.72747,0.538879,0.779879,0.555385,signage,TepidAshamedShark
0.728295,0.552634,0.781943,0.572993,signage,TepidAshamedShark
0.93694,0.542564,0.945491,0.553733,signage,TepidAshamedShark
0.202596,0.53565,0.228498,0.575638,billboard,TepidAshamedShark
0.093403,0.582025,0.134357,0.599921,signage,TepidAshamedShark
0.09237,0.53935,0.114052,0.564129,signage,TepidAshamedShark
0.148123,0.585237,0.160857,0.59625,signage,TepidAshamedShark
0.186224,0.549359,0.19192,0.590888,signage,TepidAshamedShark
0.167003,0.587091,0.178215,0.59682,signage,TepidAshamedShark
0.182665,0.58804,0.193166,0.597295,signage,TepidAshamedShark
0.046156,0.609635,0.058614,0.629093,signage,TepidAshamedShark
0.09198,0.620588,0.099399,0.628082,signage,TepidAshamedShark
0.099399,0.616891,0.107043,0.631079,signage,TepidAshamedShark
0.107043,0.620288,0.114387,0.626183,signage,TepidAshamedShark
0.0,0.539393,0.008949,0.550024,signage,TepidAshamedShark
0.014824,0.541351,0.01944,0.549464,signage,TepidAshamedShark
0.027833,0.543449,0.034233,0.552961,signage,TepidAshamedShark
0.042521,0.545408,0.050495,0.55478,signage,TepidAshamedShark
0.054586,0.548205,0.063399,0.557438,signage,TepidAshamedShark
0.065497,0.551702,0.074939,0.559536,signage,TepidAshamedShark
0.0,0.649489,0.025719,0.673614,billboard,TepidAshamedShark
0.057993,0.646877,0.06908,0.660614,billboard,TepidAshamedShark
0.071656,0.657179,0.078823,0.671962,signage,TepidAshamedShark
0.17612,0.554568,0.181851,0.581644,signage,TepidAshamedShark
0.273657,0.481843,0.285528,0.490503,signage,TepidAshamedShark
0.523487,0.602776,0.537714,0.610181,signage,TepidAshamedShark
0.972793,0.613156,0.980018,0.622791,branding,TepidAshamedShark
0.661082,0.639402,0.672294,0.64804,branding,TepidAshamedShark
0.448911,0.480399,0.545773,0.586047,billboard,RingedSalmonBooby
0.58678,0.43962,0.613358,0.458687,signage,RingedSalmonBooby
0.692707,0.435286,0.717744,0.45522,signage,RingedSalmonBooby
0.747019,0.43962,0.792471,0.450887,signage,RingedSalmonBooby
0.712737,0.426331,0.74933,0.460998,billboard,RingedSalmonBooby
0.937367,0.450813,0.986585,0.489499,signage,RingedSalmonBooby
0.943667,0.484183,0.981467,0.506922,signage,RingedSalmonBooby
0.926342,0.508694,0.961385,0.556239,signage,RingedSalmonBooby
0.935398,0.426302,0.954692,0.462921,signage,RingedSalmonBooby
0.986585,0.428369,1.0,0.449336,signage,RingedSalmonBooby
0.988554,0.449632,1.0,0.465283,signage,RingedSalmonBooby
0.534827,0.421105,0.569903,0.436021,branding,RingedSalmonBooby
0.051654,0.444087,0.13054,0.466707,signage,WiryImmediateTreecreeper
0.227451,0.442673,0.314183,0.463597,signage,WiryImmediateTreecreeper
0.314301,0.294673,0.358935,0.409075,signage,WiryImmediateTreecreeper
0.313435,0.273873,0.357635,0.305074,signage,WiryImmediateTreecreeper
0.524007,0.321584,0.559603,0.336139,signage,WiryImmediateTreecreeper
0.523532,0.337404,0.561501,0.419037,signage,WiryImmediateTreecreeper
0.025109,0.533061,0.032025,0.540655,branding,WiryImmediateTreecreeper
0.269804,0.526823,0.276923,0.537672,branding,WiryImmediateTreecreeper
0.519165,0.539882,0.523285,0.54697,branding,WiryImmediateTreecreeper
0.311003,0.187131,0.356116,0.282252,signage,WiryImmediateTreecreeper
0.524502,0.257772,0.558599,0.320021,signage,WiryImmediateTreecreeper
0.560172,0.261269,0.592171,0.295541,signage,WiryImmediateTreecreeper
0.663512,0.410946,0.722264,0.447316,signage,WiryImmediateTreecreeper
0.680298,0.341703,0.746918,0.367582,signage,WiryImmediateTreecreeper
0.792031,0.251478,0.857077,0.307431,signage,WiryImmediateTreecreeper
0.786261,0.410946,0.839767,0.440322,signage,WiryImmediateTreecreeper
0.785632,0.544176,0.793649,0.553998,branding,WiryImmediateTreecreeper
0.933658,0.520329,0.939906,0.532428,branding,WiryImmediateTreecreeper
0.959542,0.486809,0.963261,0.491767,branding,WiryImmediateTreecreeper
0.89256,0.42589,0.926336,0.453206,signage,WiryImmediateTreecreeper
0.034675,0.486199,0.049158,0.502188,signage,WiryImmediateTreecreeper
0.474026,0.468892,0.551747,0.505436,signage,CompassionateWateryDolphin
0.0,0.417608,0.106063,0.446844,signage,BigThreadbareEyelashpitviper
0.128987,0.417608,0.16387,0.440199,signage,BigThreadbareEyelashpitviper
0.08912,0.159136,0.227159,0.333887,billboard,BigThreadbareEyelashpitviper
0.853945,0.390753,0.907517,0.440587,signage,BigThreadbareEyelashpitviper
0.905898,0.45602,0.927173,0.482087,signage,BigThreadbareEyelashpitviper
0.831153,0.10121,0.848193,0.127359,branding,BigThreadbareEyelashpitviper
0.835976,0.201521,0.856553,0.230671,branding,BigThreadbareEyelashpitviper
0.840156,0.248247,0.859125,0.27954,branding,BigThreadbareEyelashpitviper
0.840491,0.296296,0.859125,0.326341,branding,BigThreadbareEyelashpitviper
0.721323,0.290518,0.743857,0.321141,branding,BigThreadbareEyelashpitviper
0.752957,0.288207,0.76119,0.316518,branding,BigThreadbareEyelashpitviper
0.736057,0.238518,0.749923,0.276651,branding,BigThreadbareEyelashpitviper
0.75339,0.24314,0.76119,0.26914,branding,BigThreadbareEyelashpitviper
0.72089,0.185939,0.743423,0.213095,branding,BigThreadbareEyelashpitviper
0.69879,0.184784,0.719156,0.213095,branding,BigThreadbareEyelashpitviper
0.724357,0.079627,0.74949,0.117761,branding,BigThreadbareEyelashpitviper
0.687956,0.248918,0.710923,0.270296,branding,BigThreadbareEyelashpitviper
0.712656,0.241407,0.72739,0.266251,branding,BigThreadbareEyelashpitviper
0.670189,0.296296,0.69619,0.326341,branding,BigThreadbareEyelashpitviper
0.639856,0.306696,0.655022,0.332696,branding,BigThreadbareEyelashpitviper
0.629455,0.317674,0.637256,0.330385,branding,BigThreadbareEyelashpitviper
0.625122,0.263362,0.636389,0.281851,branding,BigThreadbareEyelashpitviper
0.650256,0.249495,0.673656,0.281851,branding,BigThreadbareEyelashpitviper
0.657622,0.19345,0.685789,0.220028,branding,BigThreadbareEyelashpitviper
0.623822,0.15185,0.647656,0.180161,branding,BigThreadbareEyelashpitviper
0.661956,0.14145,0.682756,0.16225,branding,BigThreadbareEyelashpitviper
0.72349,0.132205,0.736923,0.149539,branding,BigThreadbareEyelashpitviper
0.675389,0.082516,0.70789,0.118338,branding,BigThreadbareEyelashpitviper
0.639856,0.095227,0.665856,0.128161,branding,BigThreadbareEyelashpitviper
0.623822,0.099272,0.640289,0.129894,branding,BigThreadbareEyelashpitviper
0.603455,0.093494,0.622089,0.112561,branding,BigThreadbareEyelashpitviper
0.576155,0.103894,0.594788,0.120072,branding,BigThreadbareEyelashpitviper
0.554921,0.122383,0.572688,0.154161,branding,BigThreadbareEyelashpitviper
0.524154,0.132783,0.544521,0.158783,branding,BigThreadbareEyelashpitviper
0.531954,0.17785,0.557521,0.211362,branding,BigThreadbareEyelashpitviper
0.514621,0.23274,0.531954,0.257584,branding,BigThreadbareEyelashpitviper
0.560121,0.267985,0.578755,0.302652,branding,BigThreadbareEyelashpitviper
0.529354,0.277229,0.548421,0.298607,branding,BigThreadbareEyelashpitviper
0.533254,0.31883,0.560121,0.355808,branding,BigThreadbareEyelashpitviper
0.499927,0.333066,0.523964,0.359644,branding,BigThreadbareEyelashpitviper
0.467388,0.335802,0.493771,0.360035,branding,BigThreadbareEyelashpitviper
0.457714,0.289681,0.478821,0.320168,branding,BigThreadbareEyelashpitviper
0.455956,0.259194,0.474717,0.287727,branding,BigThreadbareEyelashpitviper
0.426348,0.267402,0.446868,0.291635,branding,BigThreadbareEyelashpitviper
0.387947,0.304924,0.411398,0.336584,branding,BigThreadbareEyelashpitviper
0.387947,0.351436,0.406122,0.378796,branding,BigThreadbareEyelashpitviper
0.364203,0.358081,0.380912,0.383095,branding,BigThreadbareEyelashpitviper
0.339579,0.360035,0.360099,0.385049,branding,BigThreadbareEyelashpitviper
0.315834,0.363552,0.334889,0.390912,branding,BigThreadbareEyelashpitviper
0.733506,0.029278,0.753742,0.056258,branding,BigThreadbareEyelashpitviper
0.704814,0.018807,0.721425,0.052231,branding,BigThreadbareEyelashpitviper
0.674914,0.028875,0.700284,0.058674,branding,BigThreadbareEyelashpitviper
0.649846,0.0,0.67431,0.011156,branding,BigThreadbareEyelashpitviper
0.543153,0.027471,0.564373,0.060908,branding,BigThreadbareEyelashpitviper
0.494284,0.095631,0.513896,0.120923,branding,BigThreadbareEyelashpitviper
0.523863,0.0,0.53608,0.017183,branding,BigThreadbareEyelashpitviper
0.459561,0.021041,0.480459,0.042904,branding,BigThreadbareEyelashpitviper
0.465348,0.060908,0.486889,0.08963,branding,BigThreadbareEyelashpitviper
0.443485,0.067767,0.459561,0.097774,branding,BigThreadbareEyelashpitviper
0.466955,0.106348,0.483995,0.126925,branding,BigThreadbareEyelashpitviper
0.474029,0.14793,0.491712,0.173651,branding,BigThreadbareEyelashpitviper
0.480137,0.18994,0.494927,0.214804,branding,BigThreadbareEyelashpitviper
0.449915,0.202372,0.472421,0.232379,branding,BigThreadbareEyelashpitviper
0.444771,0.155217,0.460525,0.183939,branding,BigThreadbareEyelashpitviper
0.389793,0.177937,0.407798,0.202801,branding,BigThreadbareEyelashpitviper
0.372432,0.18994,0.381113,0.204087,branding,BigThreadbareEyelashpitviper
0.381434,0.222091,0.402332,0.252956,branding,BigThreadbareEyelashpitviper
0.304915,0.324545,0.323562,0.353267,branding,BigThreadbareEyelashpitviper
0.327742,0.318973,0.347676,0.351552,branding,BigThreadbareEyelashpitviper
0.31874,0.281678,0.333208,0.309542,branding,BigThreadbareEyelashpitviper
0.340924,0.275676,0.358928,0.294109,branding,BigThreadbareEyelashpitviper
0.333208,0.235809,0.34639,0.263244,branding,BigThreadbareEyelashpitviper
0.307808,0.244382,0.322276,0.270532,branding,BigThreadbareEyelashpitviper
0.323241,0.195084,0.343496,0.218662,branding,BigThreadbareEyelashpitviper
0.310702,0.210946,0.31874,0.222949,branding,BigThreadbareEyelashpitviper
0.3017,0.162505,0.31231,0.184367,branding,BigThreadbareEyelashpitviper
0.321955,0.154789,0.337387,0.177937,branding,BigThreadbareEyelashpitviper
0.346068,0.147501,0.36343,0.172364,branding,BigThreadbareEyelashpitviper
0.367609,0.095631,0.384328,0.120923,branding,BigThreadbareEyelashpitviper
0.39333,0.088343,0.404904,0.114493,branding,BigThreadbareEyelashpitviper
0.374682,0.050191,0.392687,0.081056,branding,BigThreadbareEyelashpitviper
0.320347,0.07334,0.338352,0.102919,branding,BigThreadbareEyelashpitviper
0.299362,0.083134,0.313557,0.110518,branding,BigThreadbareEyelashpitviper
0.324732,0.038435,0.343155,0.050113,branding,BigThreadbareEyelashpitviper
0.315067,0.0,0.329564,0.015481,branding,BigThreadbareEyelashpitviper
0.422285,0.02273,0.448863,0.046489,branding,BigThreadbareEyelashpitviper
0.48803,0.292293,0.497411,0.30923,branding,BigThreadbareEyelashpitviper
0.490571,0.243306,0.504055,0.26363,branding,BigThreadbareEyelashpitviper
0.475718,0.246432,0.488616,0.267278,branding,BigThreadbareEyelashpitviper
0.311283,0.120628,0.32358,0.142029,branding,BigThreadbareEyelashpitviper
0.298559,0.006756,0.307872,0.02157,branding,BigThreadbareEyelashpitviper
0.308526,0.049456,0.317186,0.057516,branding,BigThreadbareEyelashpitviper
0.619932,0.015461,0.627955,0.024537,branding,BigThreadbareEyelashpitviper
0.194196,0.54347,0.203113,0.549998,branding,BigThreadbareEyelashpitviper
0.134786,0.433645,0.919669,0.57318,billboard,BigThreadbareEyelashpitviper
0.122395,0.298046,0.173926,0.329148,signage,BigThreadbareEyelashpitviper
0.152937,0.489882,0.192804,0.638075,signage,DisastrousOurAmethystsunbird
0.248075,0.653378,0.290962,0.673513,signage,DisastrousOurAmethystsunbird
0.316634,0.681969,0.338078,0.709353,signage,DisastrousOurAmethystsunbird
0.279183,0.539817,0.352273,0.639283,signage,DisastrousOurAmethystsunbird
0.386703,0.643713,0.407543,0.670694,signage,DisastrousOurAmethystsunbird
0.410563,0.644518,0.592381,0.611094,signage,DisastrousOurAmethystsunbird
0.558253,0.529749,0.587247,0.566395,signage,DisastrousOurAmethystsunbird
0.65641,0.61794,0.764535,0.661432,signage,DisastrousOurAmethystsunbird
0.802892,0.539011,0.838229,0.735931,signage,DisastrousOurAmethystsunbird
0.847261,0.71981,0.864807,0.729639,signage,DisastrousOurAmethystsunbird
0.905297,0.72867,0.919416,0.740713,signage,DisastrousOurAmethystsunbird
0.944749,0.714688,0.978698,0.742235,signage,DisastrousOurAmethystsunbird
0.959803,0.740713,0.977348,0.748326,signage,DisastrousOurAmethystsunbird
0.966343,0.680082,0.984927,0.749849,signage,DisastrousOurAmethystsunbird
0.96632,0.750874,0.975407,0.759212,signage,DisastrousOurAmethystsunbird
0.172385,0.670156,0.218896,0.687472,signage,DisastrousOurAmethystsunbird
0.145353,0.670156,0.163626,0.686868,signage,DisastrousOurAmethystsunbird
0.117505,0.661072,0.128254,0.681917,signage,DisastrousOurAmethystsunbird
0.107147,0.659769,0.118091,0.681657,signage,DisastrousOurAmethystsunbird
0.034644,0.670192,0.048128,0.691558,signage,DisastrousOurAmethystsunbird
0.002985,0.604789,0.019401,0.657163,signage,DisastrousOurAmethystsunbird
0.019484,0.515809,0.089035,0.629921,billboard,DisastrousOurAmethystsunbird
0.108937,0.695957,0.119568,0.713169,signage,DisastrousOurAmethystsunbird
0.230079,0.609829,0.261565,0.658153,billboard,DisastrousOurAmethystsunbird
0.480092,0.707211,0.490517,0.730276,signage,DisastrousOurAmethystsunbird
0.804177,0.773544,0.811008,0.778172,branding,DisastrousOurAmethystsunbird
0.868457,0.771752,0.875848,0.777874,branding,DisastrousOurAmethystsunbird
0.758934,0.780917,0.763131,0.785463,branding,DisastrousOurAmethystsunbird
0.94146,0.786876,0.947104,0.790879,branding,DisastrousOurAmethystsunbird
0.888899,0.730207,0.898636,0.744723,signage,DisastrousOurAmethystsunbird
0.905613,0.773243,0.913203,0.77999,branding,DisastrousOurAmethystsunbird
0.209489,0.756737,0.216631,0.76471,branding,DisastrousOurAmethystsunbird
0.295037,0.747877,0.304505,0.756072,branding,DisastrousOurAmethystsunbird
0.242213,0.695829,0.249854,0.702252,branding,DisastrousOurAmethystsunbird
0.143919,0.487387,0.746622,0.808108,signage,TautLimegreenXuanhanosaurus
0.0,0.645946,0.460135,0.97027,signage,TautLimegreenXuanhanosaurus
0.297493,0.768499,0.445636,0.858502,branding,TealEagerAzurewingedmagpie
0.384023,0.532921,0.463757,0.581848,branding,TealEagerAzurewingedmagpie
0.43884,0.401238,0.502265,0.445938,branding,TealEagerAzurewingedmagpie
0.460586,0.320296,0.513591,0.34627,branding,TealEagerAzurewingedmagpie
0.523105,0.166868,0.557535,0.195258,branding,TealEagerAzurewingedmagpie
0.420266,0.186198,0.431592,0.252643,branding,TealEagerAzurewingedmagpie
0.344609,0.273784,0.36273,0.354727,branding,TealEagerAzurewingedmagpie
0.452884,0.162036,0.461945,0.196466,branding,TealEagerAzurewingedmagpie
0.209151,0.497282,0.242223,0.579432,branding,TealEagerAzurewingedmagpie
0.073274,0.420635,0.239756,0.442291,signage,SympatheticWindingBergerpicard
0.344592,0.421619,0.412883,0.43983,signage,SympatheticWindingBergerpicard
0.24234,0.458041,0.292174,0.516119,signage,SympatheticWindingBergerpicard
0.190364,0.463819,0.242527,0.515077,signage,SympatheticWindingBergerpicard
0.669079,0.407391,0.875488,0.429253,signage,SympatheticWindingBergerpicard
0.75235,0.448115,0.844301,0.464833,signage,SympatheticWindingBergerpicard
0.76746,0.526563,0.824368,0.535994,branding,SympatheticWindingBergerpicard
0.640143,0.546711,0.725343,0.580577,branding,SympatheticWindingBergerpicard
0.434933,0.533969,0.440955,0.539506,branding,SympatheticWindingBergerpicard
0.30142,0.532584,0.308687,0.539506,branding,SympatheticWindingBergerpicard
0.40259,0.474772,0.421149,0.518992,signage,SympatheticWindingBergerpicard
0.354131,0.495851,0.366332,0.502725,signage,SympatheticWindingBergerpicard
0.47131,0.488932,0.482749,0.505846,signage,SympatheticWindingBergerpicard
0.312001,0.558531,0.36287,0.574821,branding,DirtyEnviousYellowwhitebutterfly
0.233695,0.555102,0.277135,0.572249,branding,DirtyEnviousYellowwhitebutterfly
0.543875,0.395112,0.298766,0.487818,billboard,DirtyEnviousYellowwhitebutterfly
0.378078,0.582424,0.443469,0.613115,billboard,DirtyEnviousYellowwhitebutterfly
0.0,0.576096,0.251094,0.652033,billboard,DirtyEnviousYellowwhitebutterfly
0.525312,0.533697,0.584375,0.547935,signage,DirtyEnviousYellowwhitebutterfly
0.915124,0.542557,0.975452,0.56249,billboard,DirtyEnviousYellowwhitebutterfly
0.630078,0.629778,0.640203,0.635895,branding,DirtyEnviousYellowwhitebutterfly
0.304816,0.595033,0.316092,0.601074,branding,DirtyEnviousYellowwhitebutterfly
0.870983,0.536084,0.892297,0.551877,billboard,DirtyEnviousYellowwhitebutterfly
0.875605,0.553033,0.88408,0.56324,signage,DirtyEnviousYellowwhitebutterfly
0.574197,0.187708,0.948505,0.385382,billboard,MarvelousHeartfeltTinamou
0.450166,0.387043,0.542082,0.483389,signage,MarvelousHeartfeltTinamou
0.212458,0.493688,0.248624,0.519127,signage,StudiousMemorableDesertpupfish
0.574485,0.429837,0.692628,0.471648,signage,StudiousMemorableDesertpupfish
0.599068,0.572612,0.603321,0.57651,branding,StudiousMemorableDesertpupfish
0.0,0.0,0.413478,0.276496,billboard,OnlyDelightfulGodwit
0.061564,0.34484,0.233777,0.61637,signage,OnlyDelightfulGodwit
0.282862,0.472293,0.390183,0.738281,signage,OnlyDelightfulGodwit
0.095674,0.90083,0.121631,0.985059,signage,OnlyDelightfulGodwit
0.117304,0.889747,0.173544,0.967327,signage,OnlyDelightfulGodwit
0.141539,0.518526,0.253294,0.561558,signage,VioletGravePerch
0.396222,0.414767,0.336655,0.556129,billboard,VioletGravePerch
0.813495,0.315141,0.63819,0.441542,billboard,VioletGravePerch
0.617557,0.480173,0.710492,0.519375,signage,VioletGravePerch
0.556944,0.596416,0.602206,0.613734,signage,VioletGravePerch
0.644386,0.591692,0.656505,0.614419,signage,VioletGravePerch
0.909383,0.476476,1.0,0.524505,signage,VioletGravePerch
0.868229,0.891307,0.894977,0.920551,branding,VioletGravePerch
0.668748,0.596424,0.703172,0.608261,signage,VioletGravePerch
0.893641,0.528111,1.0,0.598493,signage,VioletGravePerch
0.883301,0.597248,0.908282,0.650404,billboard,VioletGravePerch
0.288566,0.169752,0.489563,0.318146,billboard,DarkturquoiseJampackedTeal
0.321789,0.318146,0.377714,0.35949,billboard,DarkturquoiseJampackedTeal
0.274698,0.309619,0.289648,0.354069,billboard,DarkturquoiseJampackedTeal
0.435038,0.336735,0.468854,0.369483,signage,DarkturquoiseJampackedTeal
0.220186,0.349284,0.242083,0.367204,signage,DarkturquoiseJampackedTeal
0.208558,0.327337,0.224414,0.357539,signage,DarkturquoiseJampackedTeal
0.194061,0.348076,0.21188,0.36217,signage,DarkturquoiseJampackedTeal
0.165067,0.333377,0.179111,0.354922,signage,DarkturquoiseJampackedTeal
0.174429,0.347472,0.191192,0.361566,signage,DarkturquoiseJampackedTeal
0.14317,0.328545,0.154496,0.338411,signage,DarkturquoiseJampackedTeal
0.093638,0.320088,0.103756,0.350492,signage,DarkturquoiseJampackedTeal
0.026823,0.309154,0.034921,0.334071,signage,DarkturquoiseJampackedTeal
0.119063,0.364034,0.124127,0.372715,signage,DarkturquoiseJampackedTeal
0.112713,0.352567,0.117536,0.360283,signage,DarkturquoiseJampackedTeal
0.113035,0.3426,0.118259,0.353853,signage,DarkturquoiseJampackedTeal
0.137871,0.337992,0.146873,0.36457,signage,DarkturquoiseJampackedTeal
0.127744,0.361998,0.138595,0.38386,billboard,DarkturquoiseJampackedTeal
0.147275,0.342171,0.15258,0.352888,signage,DarkturquoiseJampackedTeal
0.476703,0.456722,0.481341,0.461985,branding,DarkturquoiseJampackedTeal
0.362152,0.357956,0.371676,0.377299,branding,DarkturquoiseJampackedTeal
0.37234,0.360614,0.381753,0.379513,branding,DarkturquoiseJampackedTeal
0.382196,0.361352,0.392163,0.381285,branding,DarkturquoiseJampackedTeal
0.088362,0.355988,0.093063,0.363886,signage,DarkturquoiseJampackedTeal
0.112367,0.360291,0.119199,0.36715,signage,DarkturquoiseJampackedTeal
0.463016,0.525559,0.554796,0.535491,signage,CrazySaddlebrownArizonaalligatorlizard
0.302083,0.688798,0.339579,0.72349,billboard,CrazySaddlebrownArizonaalligatorlizard
0.203378,0.271171,0.816892,0.631532,billboard,SillyMiniatureBluet
0.321947,0.39467,0.449432,0.464686,signage,DrearySuburbanGlobefish
0.771657,0.454899,0.583943,0.519645,signage,DrearySuburbanGlobefish
0.744554,0.55503,0.599001,0.607731,signage,DrearySuburbanGlobefish
0.17951,0.195043,0.368674,0.455486,signage,AdolescentCraftyConey
0.982743,0.396002,1.0,0.413575,signage,AdolescentCraftyConey
0.918014,0.443462,0.877486,0.464218,signage,AdolescentCraftyConey
0.768517,0.420558,0.792404,0.452408,billboard,AdolescentCraftyConey
0.750265,0.389782,0.801798,0.422705,billboard,AdolescentCraftyConey
0.74785,0.459923,0.759928,0.472091,signage,AdolescentCraftyConey
0.71081,0.47073,0.715845,0.496045,signage,AdolescentCraftyConey
0.697069,0.473248,0.703362,0.495066,signage,AdolescentCraftyConey
0.674991,0.459997,0.685649,0.474955,billboard,AdolescentCraftyConey
0.642365,0.471091,0.649189,0.482309,billboard,AdolescentCraftyConey
0.626285,0.478943,0.631427,0.487045,billboard,AdolescentCraftyConey
0.583189,0.475079,0.593379,0.490037,signage,AdolescentCraftyConey
0.583376,0.491034,0.587302,0.509981,signage,AdolescentCraftyConey
0.593005,0.523443,0.621518,0.576792,signage,AdolescentCraftyConey
0.733887,0.469595,0.738468,0.478445,signage,AdolescentCraftyConey
0.427098,0.656265,0.483672,0.59336,branding,SquigglyAdoredEquestrian
0.497157,0.62913,0.426441,0.697708,branding,SquigglyAdoredEquestrian
0.440584,0.712016,0.496828,0.669833,branding,SquigglyAdoredEquestrian
0.620612,0.56708,0.715855,0.600467,signage,PerkyCruelGrayreefshark
0.632574,0.507356,0.704293,0.525075,signage,InstructiveLightyellowLarva
0.495887,0.58013,0.533012,0.606075,signage,InstructiveLightyellowLarva
0.430446,0.142414,0.524,0.186002,signage,InstructiveLightyellowLarva
0.841115,0.575968,0.870224,0.594003,signage,InstructiveLightyellowLarva
0.476776,0.51215,0.652444,0.588087,billboard,SilverIndolentQuail
0.64731,0.502321,0.679794,0.536774,billboard,SilverIndolentQuail
0.658466,0.540958,0.69456,0.575165,signage,SilverIndolentQuail
0.793515,0.617664,0.803502,0.623463,branding,SilverIndolentQuail
0.920509,0.52756,0.987938,0.559306,billboard,SilverIndolentQuail
0.840526,0.581949,0.866893,0.586536,signage,SilverIndolentQuail
0.866471,0.574671,0.903174,0.586378,signage,SilverIndolentQuail
0.719466,0.509732,0.732565,0.514225,signage,GenuineThistleCuckoo
0.692465,0.524839,0.698167,0.537867,signage,GenuineThistleCuckoo
0.608575,0.505136,0.620384,0.513356,signage,GenuineThistleCuckoo
0.586599,0.536148,0.597836,0.552441,signage,GenuineThistleCuckoo
0.585603,0.475709,0.606481,0.489489,signage,GenuineThistleCuckoo
0.559039,0.405957,0.606989,0.438134,signage,GenuineThistleCuckoo
0.52213,0.437187,0.472604,0.395547,signage,GenuineThistleCuckoo
0.514997,0.451435,0.529372,0.475938,signage,GenuineThistleCuckoo
0.48343,0.430391,0.510344,0.464791,signage,GenuineThistleCuckoo
0.433405,0.396081,0.475853,0.445545,signage,GenuineThistleCuckoo
0.457382,0.320868,0.537222,0.397637,signage,GenuineThistleCuckoo
0.151989,0.278882,0.0,0.136198,signage,GenuineThistleCuckoo
0.244378,0.0,0.417819,0.323974,signage,GenuineThistleCuckoo
0.782392,0.601759,0.767624,0.613087,branding,GenuineThistleCuckoo
0.737027,0.502805,0.71605,0.493261,billboard,GenuineThistleCuckoo
0.396151,0.373296,0.520099,0.406405,branding,CarelessTheseMule
0.419922,0.358014,0.501988,0.381361,branding,CarelessTheseMule
0.002283,0.166665,0.092794,0.187852,signage,CarelessTheseMule
0.0,0.189581,0.039179,0.215524,signage,CarelessTheseMule
0.483662,0.194337,0.617987,0.211632,signage,CarelessTheseMule
0.769676,0.14693,0.91809,0.173866,signage,CarelessTheseMule
0.79244,0.247165,0.819052,0.257889,signage,CarelessTheseMule
0.267027,0.350498,0.518688,0.423588,signage,FragrantShortAntelopegroundsquirrel
0.685724,0.543497,0.705657,0.568598,signage,FragrantShortAntelopegroundsquirrel
0.711563,0.552356,0.733712,0.575489,signage,FragrantShortAntelopegroundsquirrel
0.739618,0.545466,0.793143,0.579427,signage,FragrantShortAntelopegroundsquirrel
0.712116,0.612437,0.720525,0.62448,branding,FragrantShortAntelopegroundsquirrel
0.918437,0.166721,1.0,0.0,billboard,FragrantShortAntelopegroundsquirrel
0.755974,0.512011,0.788174,0.533478,signage,FragrantShortAntelopegroundsquirrel
0.906242,0.533989,0.953009,0.553923,signage,FragrantShortAntelopegroundsquirrel
0.283457,0.398927,0.725062,0.469461,signage,TrueZigzagBantamrooster
0.392495,0.595196,0.475637,0.61564,signage,TrueZigzagBantamrooster
0.52743,0.599796,0.611935,0.620751,signage,TrueZigzagBantamrooster
0.713203,0.347266,0.737936,0.366462,signage,DelectableUncomfortableMaltesedog
0.231943,0.461019,0.256766,0.504146,billboard,DelectableUncomfortableMaltesedog
0.283496,0.487066,0.295456,0.497875,signage,DelectableUncomfortableMaltesedog
0.327217,0.485295,0.338513,0.495394,signage,DelectableUncomfortableMaltesedog
0.357523,0.534505,0.378749,0.577571,billboard,DelectableUncomfortableMaltesedog
0.421017,0.530187,0.431458,0.542632,signage,DelectableUncomfortableMaltesedog
0.41567,0.534237,0.423865,0.549445,signage,DelectableUncomfortableMaltesedog
0.46301,0.562753,0.466895,0.568497,signage,DelectableUncomfortableMaltesedog
0.468922,0.562528,0.472639,0.568159,signage,DelectableUncomfortableMaltesedog
0.477369,0.562528,0.481085,0.568497,signage,DelectableUncomfortableMaltesedog
0.482352,0.562978,0.486153,0.568609,signage,DelectableUncomfortableMaltesedog
0.465966,0.569285,0.474075,0.577168,signage,DelectableUncomfortableMaltesedog
0.475004,0.569623,0.48269,0.577394,signage,DelectableUncomfortableMaltesedog
0.494599,0.5712,0.500005,0.581786,signage,DelectableUncomfortableMaltesedog
0.184346,0.51554,0.201622,0.520265,signage,DelectableUncomfortableMaltesedog
0.074933,0.483995,0.162356,0.517408,branding,DelectableUncomfortableMaltesedog
0.065243,0.490341,0.075209,0.515227,billboard,DelectableUncomfortableMaltesedog
0.050564,0.513053,0.060712,0.525859,signage,DelectableUncomfortableMaltesedog
0.045309,0.458447,0.056725,0.486233,signage,DelectableUncomfortableMaltesedog
0.214563,0.445183,0.235604,0.468808,signage,DelectableUncomfortableMaltesedog
0.359081,0.474714,0.420543,0.493909,signage,DelectableUncomfortableMaltesedog
0.530177,0.473976,0.602159,0.507198,signage,DelectableUncomfortableMaltesedog
0.881783,0.36914,0.97093,0.420819,signage,DelectableUncomfortableMaltesedog
0.520424,0.533802,0.5282,0.545777,signage,DelectableUncomfortableMaltesedog
0.081727,0.356741,0.116299,0.402007,branding,DelectableUncomfortableMaltesedog
0.4701,0.240864,0.957226,0.813953,signage,PowerfulOrdinaryHousefly
0.79097,0.458529,0.884795,0.502062,signage,HumiliatingLightskyblueOropendula
0.679617,0.449822,0.742167,0.477317,signage,HumiliatingLightskyblueOropendula
0.667932,0.489231,0.714329,0.527265,signage,HumiliatingLightskyblueOropendula
0.618098,0.452114,0.635969,0.498396,signage,HumiliatingLightskyblueOropendula
0.578574,0.488315,0.596446,0.612957,signage,HumiliatingLightskyblueOropendula
0.494372,0.533223,0.549018,0.542387,signage,HumiliatingLightskyblueOropendula
0.506401,0.45578,0.585104,0.491523,signage,HumiliatingLightskyblueOropendula
0.432509,0.48694,0.44935,0.59921,signage,HumiliatingLightskyblueOropendula
0.329749,0.516678,0.390598,0.55025,signage,HumiliatingLightskyblueOropendula
0.160095,0.411025,0.199274,0.485719,billboard,HumiliatingLightskyblueOropendula
0.760212,0.155909,0.821673,0.326451,billboard,HumiliatingLightskyblueOropendula
0.024205,0.352713,0.101566,0.497627,signage,MemorableBurlywoodYellowlegs
0.108369,0.08419,0.249011,0.329299,billboard,MemorableBurlywoodYellowlegs
0.431577,0.599088,0.522702,0.671861,signage,MemorableBurlywoodYellowlegs
0.498022,0.497838,0.536466,0.568713,signage,MemorableBurlywoodYellowlegs
0.501819,0.573142,0.542161,0.588963,signage,MemorableBurlywoodYellowlegs
0.524348,0.590094,0.53898,0.601969,signage,MemorableBurlywoodYellowlegs
0.52244,0.608189,0.541101,0.634202,signage,MemorableBurlywoodYellowlegs
0.818035,0.716046,0.83603,0.73561,signage,MemorableBurlywoodYellowlegs
0.897769,0.652923,0.938467,0.685038,signage,MemorableBurlywoodYellowlegs
0.819399,0.592964,0.862589,0.607202,signage,MemorableBurlywoodYellowlegs
0.808721,0.61005,0.862589,0.644538,signage,MemorableBurlywoodYellowlegs
0.809433,0.643905,0.862589,0.656245,signage,MemorableBurlywoodYellowlegs
0.80967,0.653714,0.836722,0.673331,signage,MemorableBurlywoodYellowlegs
0.835299,0.655296,0.863775,0.663839,signage,MemorableBurlywoodYellowlegs
0.834587,0.662889,0.863301,0.67428,signage,MemorableBurlywoodYellowlegs
0.809433,0.672382,0.863301,0.683772,signage,MemorableBurlywoodYellowlegs
0.809907,0.683772,0.852385,0.691682,signage,MemorableBurlywoodYellowlegs
0.790638,0.790659,0.797874,0.795574,branding,MemorableBurlywoodYellowlegs
0.790774,0.791023,0.797874,0.795938,branding,MemorableBurlywoodYellowlegs
0.505326,0.414768,0.0,0.550981,billboard,ResponsibleCourageousHammerkop
0.498472,0.434043,0.56872,0.468739,billboard,ResponsibleCourageousHammerkop
0.458792,0.261023,0.492589,0.377968,billboard,ResponsibleCourageousHammerkop
0.664881,0.373335,0.766147,0.418408,signage,ResponsibleCourageousHammerkop
0.430201,0.544265,0.438594,0.55394,billboard,ThoroughCheeryBillygoat
0.619769,0.544883,0.633126,0.558888,billboard,ThoroughCheeryBillygoat
0.919491,0.564391,0.925612,0.567774,branding,ThoroughCheeryBillygoat
0.496361,0.566809,0.501605,0.569786,branding,ThoroughCheeryBillygoat
0.257838,0.564195,0.264972,0.5692,branding,ThoroughCheeryBillygoat
0.37096,0.474981,0.393313,0.483363,signage,ThoroughCheeryBillygoat
0.351606,0.484446,0.415635,0.509514,signage,ThoroughCheeryBillygoat
0.338317,0.411658,0.383822,0.440048,signage,ThoroughCheeryBillygoat
0.263818,0.348233,0.408386,0.408336,signage,ThoroughCheeryBillygoat
0.091966,0.515856,0.920719,0.632135,signage,FinishedTruthfulDromedary
0.127742,0.62063,0.171888,0.636477,signage,FinishedTruthfulDromedary
0.128874,0.614121,0.229994,0.62912,signage,FinishedTruthfulDromedary
0.227353,0.627705,0.163587,0.701847,signage,FinishedTruthfulDromedary
0.241902,0.66327,0.286849,0.628372,signage,FinishedTruthfulDromedary
0.330211,0.640697,0.293185,0.663715,signage,FinishedTruthfulDromedary
0.304867,0.665349,0.315559,0.670992,signage,FinishedTruthfulDromedary
0.332785,0.636539,0.350605,0.655547,signage,FinishedTruthfulDromedary
0.330409,0.655993,0.349813,0.66817,signage,FinishedTruthfulDromedary
0.380107,0.63446,0.419708,0.672328,signage,FinishedTruthfulDromedary
0.445432,0.672523,0.4735,0.685621,signage,FinishedTruthfulDromedary
0.428279,0.621065,0.503127,0.642584,signage,FinishedTruthfulDromedary
0.498449,0.651004,0.531507,0.679774,signage,FinishedTruthfulDromedary
0.503127,0.68913,0.538056,0.710883,signage,FinishedTruthfulDromedary
0.540551,0.697083,0.57049,0.712286,signage,FinishedTruthfulDromedary
0.800271,0.64163,0.822533,0.646596,branding,FinishedTruthfulDromedary
0.557987,0.660509,0.574933,0.670041,signage,FinishedTruthfulDromedary
0.468625,0.671391,0.491599,0.677922,signage,FinishedTruthfulDromedary
0.489746,0.651382,0.499009,0.677783,signage,FinishedTruthfulDromedary
0.352167,0.640098,0.359165,0.645071,branding,FinishedTruthfulDromedary
0.367637,0.64019,0.374268,0.64636,branding,FinishedTruthfulDromedary
0.128158,0.638702,0.159704,0.648596,signage,FinishedTruthfulDromedary
0.119937,0.664942,0.146703,0.670965,signage,FinishedTruthfulDromedary
0.144218,0.664799,0.156836,0.673259,signage,FinishedTruthfulDromedary
0.147851,0.655192,0.15894,0.66867,signage,FinishedTruthfulDromedary
0.126055,0.647162,0.15091,0.665946,signage,FinishedTruthfulDromedary
0.096213,0.600273,0.106646,0.6063,branding,FinishedTruthfulDromedary
0.974344,0.718902,0.984097,0.723966,branding,FinishedTruthfulDromedary
0.232004,0.531192,0.347668,0.547065,signage,GrotesqueFeistyCapybara
0.450043,0.526024,0.55734,0.538575,signage,GrotesqueFeistyCapybara
0.419035,0.539683,0.458902,0.581026,signage,GrotesqueFeistyCapybara
0.538637,0.537099,0.570629,0.574013,signage,GrotesqueFeistyCapybara
0.618863,0.526024,0.649871,0.585087,signage,GrotesqueFeistyCapybara
0.10945,0.537099,0.178356,0.549649,signage,GrotesqueFeistyCapybara
0.108958,0.552233,0.137997,0.568106,signage,GrotesqueFeistyCapybara
0.255981,0.557623,0.305425,0.565976,signage,GrotesqueFeistyCapybara
0.266781,0.566735,0.296312,0.572937,signage,GrotesqueFeistyCapybara
0.263406,0.574076,0.29935,0.577999,signage,GrotesqueFeistyCapybara
0.259862,0.578506,0.3034,0.582556,signage,GrotesqueFeistyCapybara
0.3061,0.574835,0.316731,0.584074,signage,GrotesqueFeistyCapybara
0.303062,0.562432,0.31285,0.572431,signage,GrotesqueFeistyCapybara
0.340187,0.552181,0.351156,0.563191,signage,GrotesqueFeistyCapybara
0.339512,0.566356,0.351325,0.574456,signage,GrotesqueFeistyCapybara
0.323818,0.552054,0.334112,0.562938,signage,GrotesqueFeistyCapybara
0.286187,0.54889,0.316225,0.556484,signage,GrotesqueFeistyCapybara
0.399648,0.566299,0.409098,0.571836,signage,GrotesqueFeistyCapybara
0.887925,0.524751,0.951504,0.535695,signage,GrotesqueFeistyCapybara
0.914065,0.549976,0.936589,0.574302,signage,GrotesqueFeistyCapybara
0.123095,0.500586,0.265561,0.518956,signage,FearfulBetterIndianrockpython
0.231344,0.546815,0.263307,0.564915,signage,FearfulBetterIndianrockpython
0.435163,0.457815,0.621814,0.511576,signage,FearfulBetterIndianrockpython
0.542504,0.541093,0.578766,0.550989,signage,FearfulBetterIndianrockpython
0.888142,0.417209,0.93342,0.462012,signage,FearfulBetterIndianrockpython
0.752492,0.197674,0.958472,0.943522,signage,WittyWorthlessIrishdraughthorse
0.143116,0.301218,0.192137,0.357918,signage,WittyWorthlessIrishdraughthorse
0.112403,0.195349,0.209856,0.273754,signage,WittyWorthlessIrishdraughthorse
0.254314,0.353972,0.338075,0.370402,signage,WittyWorthlessIrishdraughthorse
0.253025,0.328602,0.315202,0.343582,signage,WittyWorthlessIrishdraughthorse
0.340975,0.333192,0.360948,0.347448,signage,WittyWorthlessIrishdraughthorse
0.33582,0.353488,0.351606,0.370885,signage,WittyWorthlessIrishdraughthorse
0.301823,0.381882,0.309944,0.388711,signage,WittyWorthlessIrishdraughthorse
0.309944,0.37856,0.320034,0.392772,signage,WittyWorthlessIrishdraughthorse
0.286566,0.393141,0.295179,0.400893,signage,WittyWorthlessIrishdraughthorse
0.284105,0.376896,0.298065,0.382735,signage,WittyWorthlessIrishdraughthorse
0.477522,0.350995,0.482167,0.354995,branding,WittyWorthlessIrishdraughthorse
0.709537,0.356226,0.722887,0.368787,signage,WittyWorthlessIrishdraughthorse
0.943465,0.323582,0.98176,0.334299,signage,WittyWorthlessIrishdraughthorse
0.854368,0.602091,0.934102,0.660562,billboard,SinfulFoolishRattlesnake
0.151213,0.399893,0.211656,0.44962,signage,SinfulFoolishRattlesnake
0.304572,0.483057,0.32547,0.503633,signage,SinfulFoolishRattlesnake
0.146467,0.536967,0.261683,0.561419,signage,SinfulFoolishRattlesnake
0.275238,0.54494,0.323876,0.563545,signage,SinfulFoolishRattlesnake
0.740436,0.453813,0.763692,0.476302,signage,SinfulFoolishRattlesnake
0.742736,0.485843,0.759092,0.501176,signage,SinfulFoolishRattlesnake
0.74248,0.522302,0.767014,0.54411,signage,SinfulFoolishRattlesnake
0.741969,0.543428,0.765992,0.565236,signage,SinfulFoolishRattlesnake
0.662491,0.54888,0.674757,0.559103,signage,SinfulFoolishRattlesnake
0.57589,0.455013,0.591415,0.475457,signage,SinfulFoolishRattlesnake
0.550589,0.491813,0.565156,0.528869,signage,SinfulFoolishRattlesnake
0.548687,0.545107,0.567728,0.590329,billboard,SinfulFoolishRattlesnake
0.483506,0.612972,0.489388,0.618419,branding,SinfulFoolishRattlesnake
0.406549,0.580077,0.410307,0.584434,branding,SinfulFoolishRattlesnake
0.343317,0.595544,0.348383,0.600337,branding,SinfulFoolishRattlesnake
0.511252,0.580623,0.514803,0.5849,branding,SinfulFoolishRattlesnake
0.029068,0.303004,0.529942,0.441305,signage,GlaringLinedInganue
0.607192,0.388975,0.891269,0.482421,signage,GlaringLinedInganue
0.055025,0.473423,0.173573,0.579768,signage,GlaringLinedInganue
0.0,0.510034,0.03178,0.583254,signage,GlaringLinedInganue
0.149166,0.574538,0.207277,0.626838,signage,GlaringLinedInganue
0.354881,0.591099,0.394397,0.629453,signage,GlaringLinedInganue
0.396721,0.50829,0.47924,0.585869,signage,GlaringLinedInganue
0.488538,0.535312,0.526892,0.700931,signage,GlaringLinedInganue
0.587328,0.538799,0.710525,0.635555,signage,GlaringLinedInganue
0.59895,0.50306,0.674495,0.557104,signage,GlaringLinedInganue
0.632655,0.631196,0.67682,0.68524,signage,GlaringLinedInganue
0.722147,0.586741,0.759339,0.644272,signage,GlaringLinedInganue
0.810477,0.676524,0.833722,0.699187,signage,GlaringLinedInganue
0.727958,0.475167,0.93716,0.551002,signage,GlaringLinedInganue
0.918565,0.503932,1.0,0.546644,signage,GlaringLinedInganue
0.781421,0.530954,0.831397,0.579768,signage,GlaringLinedInganue
0.777934,0.593714,0.822099,0.641657,signage,GlaringLinedInganue
0.812801,0.595458,0.851155,0.632068,signage,GlaringLinedInganue
0.569749,0.483011,0.516208,0.546658,signage,WigglyGlaringArgali
0.771762,0.559335,0.74356,0.605384,billboard,WigglyGlaringArgali
0.337171,0.394737,0.486592,0.482442,signage,IntelligentComplicatedEasternnewt
0.354346,0.603195,0.378391,0.683274,signage,IntelligentComplicatedEasternnewt
0.471707,0.604466,0.493462,0.66675,signage,IntelligentComplicatedEasternnewt
0.828871,0.344884,0.851422,0.385898,signage,IntelligentComplicatedEasternnewt
0.114282,0.777204,0.13147,0.816086,branding,IntelligentComplicatedEasternnewt
0.468172,0.211141,0.640119,0.372613,signage,RecentGlumKentrosaurus
0.472507,0.361776,0.63723,0.402956,signage,RecentGlumKentrosaurus
0.473952,0.397538,0.63145,0.549256,signage,RecentGlumKentrosaurus
0.447943,0.539503,0.644454,0.590437,signage,RecentGlumKentrosaurus
0.345352,0.473397,0.40315,0.515661,signage,RecentGlumKentrosaurus
0.811328,0.41762,0.744874,0.483678,billboard,RecentGlumKentrosaurus
0.904348,0.542622,1.0,0.588127,signage,RecentGlumKentrosaurus
0.37676,0.607109,0.411399,0.627315,signage,RecentGlumKentrosaurus
0.472918,0.766767,0.538699,0.802382,billboard,DotingBurlywoodSwallowtailbutterfly
0.360094,0.761983,0.413516,0.798661,billboard,DotingBurlywoodSwallowtailbutterfly
0.251088,0.493741,0.304359,0.531775,signage,DotingBurlywoodSwallowtailbutterfly
0.424991,0.596388,0.529471,0.634422,signage,DotingBurlywoodSwallowtailbutterfly
0.002336,0.603346,0.083916,0.643213,signage,DotingBurlywoodSwallowtailbutterfly
0.8503,0.79352,0.860569,0.808017,branding,DotingBurlywoodSwallowtailbutterfly
0.201435,0.831474,0.212114,0.84334,branding,DotingBurlywoodSwallowtailbutterfly
0.00452,0.71717,0.023315,0.736154,billboard,DotingBurlywoodSwallowtailbutterfly
0.078746,0.665297,0.104494,0.68656,signage,DotingBurlywoodSwallowtailbutterfly
0.349309,0.781799,0.354864,0.78986,branding,DotingBurlywoodSwallowtailbutterfly
0.694883,0.682402,0.734117,0.70898,signage,DotingBurlywoodSwallowtailbutterfly
0.251241,0.190855,0.400726,0.355642,billboard,IlliterateOffensiveDutchsmoushond
0.2277,0.38703,0.350702,0.452945,signage,IlliterateOffensiveDutchsmoushond
0.372477,0.375259,0.444866,0.441959,billboard,IlliterateOffensiveDutchsmoushond
0.695776,0.47451,0.716913,0.509774,billboard,IlliterateOffensiveDutchsmoushond
0.641013,0.510166,0.67164,0.523978,signage,IlliterateOffensiveDutchsmoushond
0.643265,0.532385,0.670139,0.538791,signage,IlliterateOffensiveDutchsmoushond
0.605431,0.489347,0.640863,0.514169,billboard,IlliterateOffensiveDutchsmoushond
0.597324,0.505161,0.605731,0.542394,signage,IlliterateOffensiveDutchsmoushond
0.563243,0.528382,0.573753,0.542194,signage,IlliterateOffensiveDutchsmoushond
0.546278,0.520174,0.551383,0.541794,signage,IlliterateOffensiveDutchsmoushond
0.529913,0.521175,0.541023,0.531985,billboard,IlliterateOffensiveDutchsmoushond
0.710197,0.533548,0.7203,0.539518,signage,IlliterateOffensiveDutchsmoushond
0.0,0.093023,0.548588,0.435216,signage,EsteemedStraightCockatoo
0.192276,0.29402,0.425249,0.475083,signage,EsteemedStraightCockatoo
0.739203,0.5018,0.866279,0.706118,billboard,EsteemedStraightCockatoo
0.858804,0.549834,0.922342,0.639535,signage,EsteemedStraightCockatoo
0.684801,0.385382,0.651578,0.517719,signage,EsteemedStraightCockatoo
0.857723,0.482158,0.864649,0.488803,signage,RowdyBriskEastsiberianlaika
0.86651,0.4674,0.877934,0.475444,signage,RowdyBriskEastsiberianlaika
0.81009,0.463379,0.824312,0.472296,signage,RowdyBriskEastsiberianlaika
0.770689,0.480864,0.782346,0.486984,signage,RowdyBriskEastsiberianlaika
0.747608,0.467575,0.759965,0.475094,signage,RowdyBriskEastsiberianlaika
0.640984,0.464975,0.654629,0.473376,signage,RowdyBriskEastsiberianlaika
0.662369,0.436411,0.687012,0.44802,signage,RowdyBriskEastsiberianlaika
0.628764,0.432592,0.650149,0.445118,signage,RowdyBriskEastsiberianlaika
0.640577,0.444048,0.653,0.465586,signage,RowdyBriskEastsiberianlaika
0.614915,0.444354,0.626524,0.461767,signage,RowdyBriskEastsiberianlaika
0.567258,0.472307,0.573368,0.477958,signage,RowdyBriskEastsiberianlaika
0.494492,0.472022,0.533521,0.480642,signage,RowdyBriskEastsiberianlaika
0.569422,0.438176,0.603963,0.454493,signage,RowdyBriskEastsiberianlaika
0.475222,0.437167,0.543629,0.452475,signage,RowdyBriskEastsiberianlaika
0.40345,0.433971,0.43956,0.442886,signage,RowdyBriskEastsiberianlaika
0.404833,0.425744,0.437528,0.434762,signage,RowdyBriskEastsiberianlaika
0.403989,0.418942,0.439216,0.426219,signage,RowdyBriskEastsiberianlaika
0.405044,0.410082,0.437106,0.418151,signage,RowdyBriskEastsiberianlaika
0.404411,0.400907,0.43795,0.409766,signage,RowdyBriskEastsiberianlaika
0.427825,0.468934,0.448708,0.487602,signage,RowdyBriskEastsiberianlaika
0.37488,0.457385,0.38838,0.470358,signage,RowdyBriskEastsiberianlaika
0.349778,0.460233,0.370661,0.475262,signage,RowdyBriskEastsiberianlaika
0.002167,0.474625,0.01644,0.49419,signage,RowdyBriskEastsiberianlaika
0.245246,0.470553,0.261057,0.493451,signage,RowdyBriskEastsiberianlaika
0.196179,0.470145,0.214715,0.493043,signage,RowdyBriskEastsiberianlaika
0.282499,0.432756,0.358992,0.457713,signage,RowdyBriskEastsiberianlaika
0.224589,0.417522,0.233232,0.436645,signage,RowdyBriskEastsiberianlaika
0.209895,0.417846,0.231071,0.428218,signage,RowdyBriskEastsiberianlaika
0.229343,0.438266,0.275152,0.451879,signage,RowdyBriskEastsiberianlaika
0.158035,0.434052,0.208599,0.448638,signage,RowdyBriskEastsiberianlaika
0.012396,0.421087,0.022768,0.440535,signage,RowdyBriskEastsiberianlaika
0.106176,0.398075,0.124759,0.452203,signage,RowdyBriskEastsiberianlaika
0.064688,0.412336,0.100558,0.442155,signage,RowdyBriskEastsiberianlaika
0.28485,0.475782,0.311583,0.511919,billboard,RowdyBriskEastsiberianlaika
0.956209,0.38667,1.0,0.431128,billboard,RowdyBriskEastsiberianlaika
0.889475,0.464373,0.904817,0.478473,billboard,RowdyBriskEastsiberianlaika
0.913893,0.462266,0.956677,0.511695,billboard,RowdyBriskEastsiberianlaika
0.822274,0.454974,0.843018,0.4728,billboard,RowdyBriskEastsiberianlaika
0.685062,0.435526,0.712504,0.46016,billboard,RowdyBriskEastsiberianlaika
0.062378,0.303643,0.238343,0.370546,billboard,RowdyBriskEastsiberianlaika
